-0.1,-0.1,0.022477984610795976,0.0,0.9,0.9979,0.9998116957840778,0.0,0.9142857142857143,0.9958245503071279,0.9996238606266593,1.0,0.9559,1.0,0.005757078604427705,0.018379870190304095
-0.09000000000000001,-0.1,0.021911076803207398,0.0,0.9,0.99768,0.9999373093158357,0.0,0.9741379310344828,0.995387302774684,0.9998739209684903,1.0,0.95708,1.0,0.005753749757547651,0.017492432807606085
-0.08,-0.1,0.02083770890593529,0.0,0.9,0.99822,0.9998957486290945,0.0,0.9438202247191011,0.9964547943928609,0.9997920357468026,1.0,0.95922,1.0,0.005202131915378714,0.017631540549098476
-0.07,-0.1,0.019958386894464494,0.0,0.9,0.99812,0.9998959503891456,0.0,0.9468085106382979,0.9962543008416795,0.9997887745496645,1.0,0.96108,1.0,0.004876500658687308,0.017114485076414034
-0.060000000000000005,-0.1,0.018868411746025087,0.0,0.9,0.99854,0.9999168744804655,0.0,0.9452054794520548,0.9970908002597207,0.9998327233950597,1.0,0.9624,1.0,0.0043100871484965135,0.016745536823696137
-0.05,-0.1,0.018331234852075575,0.0,0.9,0.99866,0.999937853458455,0.0,0.9552238805970149,0.9973282784914176,0.9998739105557962,1.0,0.96546,1.0,0.004287384505255875,0.016207392151625852
-0.04000000000000001,-0.1,0.01813177724957466,0.0,0.9,0.99866,0.9999171465263681,0.0,0.9402985074626866,0.997328859068508,0.9998333668082167,1.0,0.96556,1.0,0.0042398450041498306,0.015767468102459856
-0.03,-0.1,0.017136485443115235,0.0,0.9,0.99884,1.0,0.0,1.0,0.9976899381865459,1.0,1.0,0.96706,1.0,0.003746811448560083,0.01572677445561882
-0.020000000000000004,-0.1,0.016844835901260374,0.0,0.9,0.99868,0.9998555539505994,0.0,0.8939393939393939,0.9973682762817646,0.9997085218229672,1.0,0.96922,1.0,0.00379345040555019,0.014821092890217645
-0.010000000000000009,-0.1,0.017056386855840683,0.0,0.9,0.99882,0.9999793315834073,0.0,0.9830508474576272,0.9976470775882358,0.999958147272568,1.0,0.96766,1.0,0.0036876119820912906,0.01552784415145359
0.0,-0.1,0.01703552885055542,0.0,0.9,0.99864,0.9999173143707624,0.0,0.9411764705882353,0.9972910289008402,0.9998346043458237,1.0,0.96752,1.0,0.0038105852154638967,0.015218551202776664
0.009999999999999995,-0.1,0.016300146539211274,0.0,0.9,0.99888,0.9999587620363306,0.0,0.9642857142857143,0.9977682198194411,0.9999178148734705,1.0,0.96998,1.0,0.003490988769035825,0.015141905434654697
0.01999999999999999,-0.1,0.016839323189258574,0.0,0.9,0.99906,0.9999174133872899,0.0,0.9148936170212766,0.9981253298230586,0.9998345089763506,1.0,0.96868,1.0,0.003609711351777495,0.01607426055456208
0.03,-0.1,0.01675039965391159,0.0,0.9,0.99892,0.9999380677126342,0.0,0.9444444444444444,0.9978469212238613,0.9998747523693339,1.0,0.9688,1.0,0.00355620155315055,0.015557127313324053
0.04000000000000001,-0.1,0.01701264090657234,0.0,0.9,0.9988,0.9999586571853811,0.0,0.9666666666666667,0.9976076784280345,0.9999173026048389,1.0,0.96752,1.0,0.0036662398923353696,0.015307070463629106
0.04999999999999999,-0.1,0.017129067457914354,0.0,0.9,0.999,0.9999793311562151,0.0,0.98,0.9980056497903697,0.9999583072753805,1.0,0.96764,1.0,0.0036084618992686178,0.01579258768887114
0.06,-0.1,0.016825860143899918,0.0,0.9,0.99906,0.9999380114059013,0.0,0.9361702127659575,0.9981257719156997,0.9998749338894871,1.0,0.96792,1.0,0.0035090471830026377,0.015660711226707754
0.07,-0.1,0.01783483119249344,0.0,0.9,0.9987,0.9999171825503633,0.0,0.9384615384615385,0.9974081187994562,0.9998339861413089,1.0,0.96598,1.0,0.0039323324670573305,0.015825072465215174
0.07999999999999999,-0.1,0.01856361253261566,0.0,0.9,0.99838,0.9999170829792086,0.0,0.9506172839506173,0.9967722349481525,0.9998336856406731,1.0,0.96482,0.99998,0.00428715305012711,0.015774512536225707
0.09,-0.1,0.019276353098154068,0.0,0.9,0.99848,0.9999584864146792,0.0,0.9736842105263158,0.9969689574295306,0.9999156770010563,1.0,0.96354,1.0,0.004545392906377119,0.016668412671456544
0.1,-0.1,0.01995519539833069,0.0,0.9,0.99848,0.9999583185711606,0.0,0.9736842105263158,0.9969728624155155,0.9999155786107414,1.0,0.95966,1.0,0.004595577547550483,0.017354742907478134
-0.1,-0.09000000000000001,0.021345396413803102,0.0,0.9,0.99802,0.9999374491774566,0.0,0.9696969696969697,0.996059011102171,0.9998742778884077,1.0,0.95922,1.0,0.005411713599016968,0.01745501994366132
-0.09000000000000001,-0.09000000000000001,0.02076612474799156,0.0,0.9,0.99778,0.9998958420131656,0.0,0.954954954954955,0.9955843067328922,0.9997903629974161,1.0,0.96008,1.0,0.005357745552385794,0.01704294366834716
-0.08,-0.09000000000000001,0.019559506475925446,0.0,0.9,0.99836,0.9998545817146893,0.0,0.9146341463414634,0.9967323121612824,0.9997070153095333,1.0,0.96274,1.0,0.004784005630258523,0.01666345153838533
-0.07,-0.09000000000000001,0.018728592140674592,0.0,0.9,0.99856,0.9999169745527005,0.0,0.9444444444444444,0.9971295026012946,0.9998337318740069,1.0,0.96356,1.0,0.0044089933169155675,0.01647309271008904
-0.060000000000000005,-0.09000000000000001,0.01797088656783104,0.0,0.9,0.99844,0.9999171739760633,0.0,0.9487179487179487,0.99689127521777,0.9998328659429149,1.0,0.96588,1.0,0.004205290116684472,0.015298195640125654
-0.05,-0.09000000000000001,0.01761877972126007,0.0,0.9,0.99862,0.9998965873836608,0.0,0.927536231884058,0.9972495791478228,0.9997926016115692,1.0,0.967,1.0,0.004098751285659461,0.015430983319613657
-0.04000000000000001,-0.09000000000000001,0.01698871102452278,0.0,0.9,0.99866,1.0,0.0,1.0,0.9973309882769885,1.0,1.0,0.96764,1.0,0.0037500449130995314,0.01562282498211712
-0.03,-0.09000000000000001,0.016991975808143617,0.0,0.9,0.99862,0.9999586947542338,0.0,0.9710144927536232,0.997249424626301,0.9999163950833612,1.0,0.9684,1.0,0.0038905520282449904,0.015211592221524543
-0.020000000000000004,-0.09000000000000001,0.016377371474504472,0.0,0.9,0.99888,0.9998556581986143,0.0,0.875,0.9977669657176291,0.9997089830992638,1.0,0.96992,1.0,0.003678239590428821,0.015003259911886096
-0.010000000000000009,-0.09000000000000001,0.016376379576921462,0.0,0.9,0.99898,0.9998556194954933,0.0,0.8627450980392157,0.9979650188297433,0.9997119766830944,1.0,0.96966,1.0,0.0034649556308873485,0.014958442206118883
0.0,-0.09000000000000001,0.016305248801708222,0.0,0.9,0.9988,0.9999175716611372,0.0,0.9333333333333333,0.9976083025642766,0.9998320285571218,1.0,0.97054,1.0,0.003571806281543389,0.014582823492560565
0.009999999999999995,-0.09000000000000001,0.015688637578487395,0.0,0.9,0.99906,0.9999588028096483,0.0,0.9574468085106383,0.998124224863699,0.9999170059999309,1.0,0.97094,1.0,0.0032043415866038617,0.014763864574135914
0.01999999999999999,-0.09000000000000001,0.01599666741013527,0.0,0.9,0.999,0.9999793712352504,0.0,0.98,0.9980054943821594,0.9999582397942504,1.0,0.96952,1.0,0.0032782700167020276,0.015253200735812633
0.03,-0.09000000000000001,0.015925015246868134,0.0,0.9,0.99888,0.9999175988299034,0.0,0.9285714285714286,0.9977670284143145,0.9998367173506266,1.0,0.97086,1.0,0.003333468701998565,0.014701497547863207
0.04000000000000001,-0.09000000000000001,0.01625465034365654,0.0,0.9,0.99878,0.9999175359749309,0.0,0.9344262295081968,0.9975668833665743,0.9998324402573969,1.0,0.97012,1.0,0.0035189675195156952,0.015051649207240699
0.04999999999999999,-0.09000000000000001,0.01645841322898865,0.0,0.9,0.99872,0.9999587135130672,0.0,0.96875,0.9974481378395588,0.9999169807516464,1.0,0.96884,1.0,0.003512850527907744,0.015015773009028444
0.06,-0.09000000000000001,0.017005288206338884,0.0,0.9,0.99884,1.0,0.0,1.0,0.9976860117556877,1.0,1.0,0.968,1.0,0.003650585381545697,0.01568524430064631
0.07,-0.09000000000000001,0.017309373061656953,0.0,0.9,0.99874,0.9999586759783462,0.0,0.9682539682539683,0.9974881505745793,0.9999153805090795,1.0,0.96796,1.0,0.003829888611507674,0.015660365706645495
0.07999999999999999,-0.09000000000000001,0.017452226667404175,0.0,0.9,0.99868,0.999937996031746,0.0,0.9545454545454546,0.9973670875343259,0.9998765804375861,1.0,0.96768,0.99998,0.0038749278013848858,0.015530085877436785
0.09,-0.09000000000000001,0.01804415570497513,0.0,0.9,0.99852,0.9999378470208006,0.0,0.9594594594594594,0.997052345137603,0.9998746718995427,1.0,0.96536,1.0,0.00405282691793538,0.0161221411321072
0.1,-0.09000000000000001,0.018830350724458694,0.0,0.9,0.99866,0.9998754928408383,0.0,0.9104477611940298,0.9973287399403383,0.9997498273063798,1.0,0.9638,1.0,0.004268503661135841,0.0167355144456191
-0.1,-0.08,0.020917204501628876,0.0,0.9,0.9982,0.9998748122183275,0.0,0.9333333333333333,0.9964181828967524,0.9997481851334897,1.0,0.95856,1.0,0.0052544620664898055,0.01755720804305179
-0.09000000000000001,-0.08,0.01896727650642395,0.0,0.9,0.99824,0.999958498474819,0.0,0.9772727272727273,0.9964919629450938,0.9999171626053723,1.0,0.96382,1.0,0.0045261750573522075,0.016517117911240605
-0.08,-0.08,0.01821749228954315,0.0,0.9,0.9987,1.0,0.0,1.0,0.9974077227730348,1.0,1.0,0.96358,1.0,0.004045148802433073,0.016519157320045982
-0.07,-0.08,0.01758630003452301,0.0,0.9,0.99854,0.9999585904178226,0.0,0.9726027397260274,0.9970911999349823,0.9999166995916946,1.0,0.96596,1.0,0.0040085438802477495,0.015705106531585456
-0.060000000000000005,-0.08,0.01735879660129547,0.0,0.9,0.99864,0.999937930606418,0.0,0.9558823529411765,0.997288274545518,0.9998750774012354,1.0,0.96666,1.0,0.003944336455176292,0.015631484859229897
-0.05,-0.08,0.017234692381620408,0.0,0.9,0.9985,0.999979332010582,0.0,0.9866666666666667,0.9970111366932422,0.9999582015758486,1.0,0.96768,1.0,0.004021386195350027,0.015304618050743606
-0.04000000000000001,-0.08,0.015873969737291337,0.0,0.9,0.99884,0.9999381723754174,0.0,0.9482758620689655,0.9976882248776358,0.999875845212583,1.0,0.97044,1.0,0.0034576386614999974,0.014117455702130213
-0.03,-0.08,0.015401341552734375,0.0,0.9,0.99906,0.9999382207578253,0.0,0.9361702127659575,0.9981272233280981,0.9998760700130501,1.0,0.9712,1.0,0.0031931518977750496,0.014413360319636272
-0.020000000000000004,-0.08,0.01545810163140297,0.0,0.9,0.99882,0.9999588443493291,0.0,0.9661016949152542,0.9976484643872939,0.9999172259800279,1.0,0.97192,1.0,0.0033300159196146457,0.013983448959309886
-0.010000000000000009,-0.08,0.015600529979467393,0.0,0.9,0.99888,0.9999382283902318,0.0,0.9464285714285714,0.9977681365588528,0.9998750620472916,1.0,0.97132,1.0,0.003287922262417604,0.014462081775485807
0.0,-0.08,0.015733723841905595,0.0,0.9,0.99888,0.9999794086154353,0.0,0.9821428571428571,0.9977656532901915,0.9999588889452247,1.0,0.97128,1.0,0.003391699302759411,0.014428031963939936
0.009999999999999995,-0.08,0.015227639236450196,0.0,0.9,0.9989,0.9999588942554722,0.0,0.9636363636363636,0.9978063289035927,0.9999169642871366,1.0,0.9731,1.0,0.003136115475640544,0.013927821005336292
0.01999999999999999,-0.08,0.015064959145784379,0.0,0.9,0.9991,0.9999794281012138,0.0,0.9777777777777777,0.9982048952749101,0.9999592248989976,1.0,0.9722,1.0,0.0030031959597544913,0.014278390809865656
0.03,-0.08,0.01533050258755684,0.0,0.9,0.99896,0.9999177327135864,0.0,0.9230769230769231,0.9979262809682007,0.999834244473855,1.0,0.97244,1.0,0.0031380197454596213,0.014129079714723833
0.04000000000000001,-0.08,0.01534610108613968,0.0,0.9,0.99892,0.9999794327553938,0.0,0.9814814814814815,0.9978464863670722,0.9999586249978606,1.0,0.97242,1.0,0.0032371824697232858,0.014330907863076957
0.04999999999999999,-0.08,0.016008319185972213,0.0,0.9,0.99884,0.9999176293733655,0.0,0.9310344827586207,0.9976879553517621,0.9998348690400947,1.0,0.97122,0.99998,0.0034222858032975797,0.014518962000324084
0.06,-0.08,0.01664668335437775,0.0,0.9,0.99918,0.9998760407412763,0.0,0.8536585365853658,0.9983642980694947,0.9997518042138114,1.0,0.96806,1.0,0.00343232930659447,0.01540121151170509
0.07,-0.08,0.01633095468044281,0.0,0.9,0.99894,0.9999381723754174,0.0,0.9433962264150944,0.9978858087087761,0.9998752810791595,1.0,0.97044,0.99998,0.0034235853260191867,0.015151686183007562
0.07999999999999999,-0.08,0.01681500006198883,0.0,0.9,0.9989,0.9999380203706382,0.0,0.9454545454545454,0.9978060513775285,0.9998753964197735,1.0,0.96806,1.0,0.0035067733617567295,0.01545766219406661
0.09,-0.08,0.017568776440620423,0.0,0.9,0.99874,0.999979300351894,0.0,0.9841269841269841,0.9974874323100541,0.9999588896400203,1.0,0.9662,1.0,0.0039052167620918076,0.015869241505458098
0.1,-0.08,0.017797448490858077,0.0,0.9,0.99876,0.9998758046821635,0.0,0.9032258064516129,0.997528421793575,0.9997517879582185,1.0,0.96622,1.0,0.003887757758716055,0.016002187035651455
-0.1,-0.07,0.019812543880939483,0.0,0.9,0.99836,0.9999376078863632,0.0,0.9634146341463414,0.9967333947785235,0.9998743617028367,1.0,0.96166,1.0,0.0048505293593415055,0.01717204061644761
-0.09000000000000001,-0.07,0.01888694030880928,0.0,0.9,0.9985,0.9999377141077546,0.0,0.96,0.9970113239064883,0.9998755893995305,1.0,0.9633,1.0,0.004441178501211871,0.016329876247570152
-0.08,-0.07,0.017383447180986403,0.0,0.9,0.99858,1.0,0.0,1.0,0.9971719787261445,1.0,1.0,0.96668,1.0,0.00393232355642077,0.01550838392386036
-0.07,-0.07,0.016618780699968336,0.0,0.9,0.9991,0.9999587135130672,0.0,0.9555555555555556,0.998204935203502,0.9999176476302841,1.0,0.96884,1.0,0.0035401675952707063,0.015249047101005062
-0.060000000000000005,-0.07,0.01612862453341484,0.0,0.9,0.99892,0.9999175665649987,0.0,0.9259259259259259,0.9978468000527758,0.9998334730389644,1.0,0.97048,1.0,0.0034728639062662388,0.01500824958528586
-0.05,-0.07,0.015713701038360596,0.0,0.9,0.999,0.9999382143960457,0.0,0.94,0.998005056691803,0.999875847805147,1.0,0.9711,1.0,0.0033709889124484793,0.014524568722527928
-0.04000000000000001,-0.07,0.015329962573051453,0.0,0.9,0.9991,0.9999794064951915,0.0,0.9777777777777777,0.9982036675681135,0.9999588889452247,1.0,0.97118,1.0,0.003137326853641571,0.014505330962834736
-0.03,-0.07,0.014939791111946106,0.0,0.9,0.99912,0.9999588917207926,0.0,0.9545454545454546,0.9982448157489006,0.9999176432398805,1.0,0.97304,1.0,0.0030200586863982624,0.0143872593441931
-0.020000000000000004,-0.07,0.015304612114429473,0.0,0.9,0.99892,0.9998971828089657,0.0,0.9074074074074074,0.9978466817180354,0.9997929091443986,1.0,0.9726,1.0,0.003258069181058117,0.01390034489014416
-0.010000000000000009,-0.07,0.014899361532926559,0.0,0.9,0.99896,0.9998972989627195,0.0,0.9038461538461539,0.9979273607982609,0.9997930297507135,1.0,0.9737,1.0,0.0031767876773711396,0.014045348972285814
0.0,-0.07,0.014097017730474472,0.0,0.9,0.99908,0.9999590365394069,0.0,0.9565217391304348,0.9981664774079175,0.9999174349448475,1.0,0.97648,1.0,0.0028272894718939217,0.013380906328758569
0.009999999999999995,-0.07,0.014904632440805435,0.0,0.9,0.999,0.999979447550148,0.0,0.98,0.9980065949757652,0.9999586345553323,1.0,0.97312,1.0,0.0031555373860462795,0.013911684227522342
0.01999999999999999,-0.07,0.015115439335107804,0.0,0.9,0.999,1.0,0.0,1.0,0.9980056053145049,1.0,1.0,0.97196,1.0,0.003061536901741494,0.013979979981706674
0.03,-0.07,0.014869964323043824,0.0,0.9,0.99906,0.9999589238036558,0.0,0.9574468085106383,0.9981252551774006,0.999917431858394,1.0,0.9738,1.0,0.003051696300945831,0.014223341164307207
0.04000000000000001,-0.07,0.014952869298458099,0.0,0.9,0.99898,0.9999794521955329,0.0,0.9803921568627451,0.997965498177447,0.9999585033662207,1.0,0.97334,1.0,0.0030544182541505853,0.014233594878138987
0.04999999999999999,-0.07,0.015942328461408615,0.0,0.9,0.99878,0.9999381838412561,0.0,0.9508196721311475,0.9975679171735178,0.9998748932604024,1.0,0.97062,1.0,0.0034104171216382127,0.014527951717042681
0.06,-0.07,0.015991416832208633,0.0,0.9,0.99882,0.999958796868562,0.0,0.9661016949152542,0.9976472363634242,0.9999174756104179,1.0,0.9708,1.0,0.003430897750174223,0.015105421775705622
0.07,-0.07,0.01578250962972641,0.0,0.9,0.99886,0.9999588375730633,0.0,0.9649122807017544,0.9977258942180369,0.9999172652041808,1.0,0.97176,1.0,0.0033141133240868537,0.014537445978333756
0.07999999999999999,-0.07,0.016416046109199525,0.0,0.9,0.9989,0.9998968327659136,0.0,0.9090909090909091,0.9978073985191719,0.9997907369646296,1.0,0.9693,1.0,0.0035062045381616036,0.01479470789037974
0.09,-0.07,0.016559033831357955,0.0,0.9,0.99892,0.999958707546196,0.0,0.9629629629629629,0.9978458932656673,0.9999159392761305,1.0,0.9687,1.0,0.0034968139967783266,0.015205093693463552
0.1,-0.07,0.0176578158891201,0.0,0.9,0.99886,0.9999793072052311,0.0,0.9824561403508771,0.997727113293253,0.9999584170827118,1.0,0.96652,0.99998,0.0037934711055508615,0.015891952142350445
-0.1,-0.060000000000000005,0.018585234467983245,0.0,0.9,0.99848,0.9999584950297798,0.0,0.9736842105263158,0.9969695092124029,0.9999163064234028,1.0,0.96374,1.0,0.0043540826653401055,0.016408070516649435
-0.09000000000000001,-0.060000000000000005,0.017614001240730287,0.0,0.9,0.9986,0.9999379113373897,0.0,0.9571428571428572,0.9972090672533676,0.9998748456880593,1.0,0.96636,1.0,0.003995996036199537,0.015490619501105262
-0.08,-0.060000000000000005,0.016772797400951386,0.0,0.9,0.99884,0.9999173536643319,0.0,0.9310344827586207,0.9976891210655755,0.9998339348097482,1.0,0.96798,1.0,0.003661090669293678,0.015295693869003712
-0.07,-0.060000000000000005,0.01690460658788681,0.0,0.9,0.99882,0.9999173417093734,0.0,0.9322033898305084,0.9976468828875363,0.9998309122239429,1.0,0.96784,1.0,0.0037429685527430867,0.015602122702565138
-0.060000000000000005,-0.060000000000000005,0.015512389779090882,0.0,0.9,0.99896,0.9999588418084909,0.0,0.9615384615384616,0.9979261624359884,0.9999175109003646,1.0,0.97186,1.0,0.0031388846710437906,0.014466114117165006
-0.05,-0.060000000000000005,0.014673462216854095,0.0,0.9,0.99918,0.9998972398627125,0.0,0.8780487804878049,0.9983634659082743,0.9997943510540581,1.0,0.97314,1.0,0.0028413614086623237,0.014286419253703655
-0.04000000000000001,-0.060000000000000005,0.01548069453239441,0.0,0.9,0.999,0.9998970748677412,0.0,0.9,0.9980051352795367,0.999793225893046,1.0,0.97158,1.0,0.003330423148001688,0.014294324102638712
-0.03,-0.060000000000000005,0.014526718336343765,0.0,0.9,0.99902,0.9999794673839394,0.0,0.9795918367346939,0.9980449356862892,0.9999588826910074,1.0,0.97406,1.0,0.002911117041063077,0.013741320479855726
-0.020000000000000004,-0.060000000000000005,0.014329245852231979,0.0,0.9,0.99912,0.9999794846545216,0.0,0.9772727272727273,0.9982441038308641,0.9999590162213461,1.0,0.97488,1.0,0.0028587136611932158,0.01353230766540132
-0.010000000000000009,-0.060000000000000005,0.014310490753650665,0.0,0.9,0.99896,1.0,0.0,1.0,0.9979264831023273,1.0,1.0,0.97466,1.0,0.003021187236636623,0.013963008022262057
0.0,-0.060000000000000005,0.014295525577068329,0.0,0.9,0.99898,0.999979480444864,0.0,0.9803921568627451,0.9979656149331252,0.9999587621853492,1.0,0.97468,1.0,0.002922004870095776,0.01338489324247244
0.009999999999999995,-0.060000000000000005,0.014068219470977783,0.0,0.9,0.9991,0.9999589600476063,0.0,0.9555555555555556,0.9982061584816639,0.9999171724590622,1.0,0.97466,1.0,0.002766203664251428,0.01365930784822049
0.01999999999999999,-0.060000000000000005,0.013779322183132171,0.0,0.9,0.99904,0.9999590256294688,0.0,0.9583333333333334,0.9980860107957672,0.9999180729808785,1.0,0.97622,1.0,0.0026310148769858152,0.013267432474862822
0.03,-0.060000000000000005,0.01448500163435936,0.0,0.9,0.99904,0.9998973916969361,0.0,0.8958333333333334,0.9980853705111271,0.9997947801707114,1.0,0.97458,1.0,0.0030066615643465173,0.013702396554665281
0.04000000000000001,-0.060000000000000005,0.01493464373111725,0.0,0.9,0.99892,0.9998768043036363,0.0,0.8888888888888888,0.9978460534130426,0.9997514959883438,1.0,0.97406,1.0,0.0031974837412554018,0.01394611780929996
0.04999999999999999,-0.060000000000000005,0.014868555548191071,0.0,0.9,0.99894,0.9999588993238939,0.0,0.9622641509433962,0.9978859667763921,0.9999166634113311,1.0,0.97322,1.0,0.003010182863536115,0.014146880899890938
0.06,-0.060000000000000005,0.015253460282087326,0.0,0.9,0.99902,0.9999383084167883,0.0,0.9387755102040817,0.9980448987511753,0.9998769217406438,1.0,0.97258,1.0,0.003170112243033995,0.014210610383358246
0.07,-0.060000000000000005,0.01555922619342804,0.0,0.9,0.99876,0.9999588485833625,0.0,0.967741935483871,0.9975289442010542,0.9999174679003571,1.0,0.97202,1.0,0.0032519057249451515,0.014569136073121498
0.07999999999999999,-0.060000000000000005,0.016053670710325242,0.0,0.9,0.99898,0.9999587586349108,0.0,0.9607843137254902,0.9979650601680531,0.9999179038024424,1.0,0.9699,1.0,0.0033425448792033644,0.01493267669054271
0.09,-0.060000000000000005,0.01633317158102989,0.0,0.9,0.99916,0.9999586913417052,0.0,0.9523809523809523,0.9983243775814107,0.999916474986547,1.0,0.96832,1.0,0.003338239408829198,0.01566515262098731
0.1,-0.060000000000000005,0.017487356934547425,0.0,0.9,0.9985,0.9998966151810268,0.0,0.9333333333333333,0.9970096957854411,0.9997928445383891,1.0,0.96726,1.0,0.003981264067894934,0.015298462380493904
-0.1,-0.05,0.01843841840982437,0.0,0.9,0.99836,0.9999585603878748,0.0,0.975609756097561,0.9967365395762653,0.9999173850793202,1.0,0.96526,1.0,0.004372505792563789,0.01593101197414597
-0.09000000000000001,-0.05,0.01688304857492447,0.0,0.9,0.99882,0.999958686221855,0.0,0.9661016949152542,0.9976474224744233,0.9999172171915361,1.0,0.9682,1.0,0.0036671284131208244,0.0156289046052174
-0.08,-0.05,0.016043375267982482,0.0,0.9,0.99888,0.9999381341252165,0.0,0.9464285714285714,0.9977667978412553,0.9998752170403574,1.0,0.96984,1.0,0.0034223648648023693,0.014660793793560452
-0.07,-0.05,0.016080287197828294,0.0,0.9,0.9988,0.9998557147274039,0.0,0.8833333333333333,0.9976077134744077,0.9997083942249541,1.0,0.9703,1.0,0.003592166372964964,0.014579099355075956
-0.060000000000000005,-0.05,0.015544152801036834,0.0,0.9,0.99876,0.9998560085572057,0.0,0.8870967741935484,0.9975289420034563,0.9997097603285668,1.0,0.97228,1.0,0.003451258154179939,0.013715887917750053
-0.05,-0.05,0.014879125097990036,0.0,0.9,0.99876,0.9998973432431323,0.0,0.9193548387096774,0.9975308909217631,0.9997928321902151,1.0,0.97412,1.0,0.0031973436885896597,0.013502591616963025
-0.04000000000000001,-0.05,0.014538095341920852,0.0,0.9,0.999,0.9999178897670122,0.0,0.92,0.9980047821564384,0.9998345966941578,1.0,0.9743,1.0,0.003059684136277462,0.01341311953338096
-0.03,-0.05,0.014025184799432754,0.0,0.9,0.9991,0.9998770945143185,0.0,0.8666666666666667,0.9982055325556758,0.9997539063568478,1.0,0.97636,1.0,0.002879809267099955,0.013123628952757371
-0.020000000000000004,-0.05,0.014167269804477692,0.0,0.9,0.99906,0.9999589827727645,0.0,0.9574468085106383,0.9981254506695204,0.9999175174635571,1.0,0.9752,1.0,0.0028407351432468784,0.013709269423189943
-0.010000000000000009,-0.05,0.013538185285329818,0.0,0.9,0.99914,0.999938571165305,0.0,0.9302325581395349,0.9982847753591808,0.9998760309399128,1.0,0.97674,1.0,0.002635723763369904,0.012905740568939197
0.0,-0.05,0.014045281100273132,0.0,0.9,0.99886,0.9999590357003871,0.0,0.9649122807017544,0.9977274733463035,0.9999176071211561,1.0,0.97646,1.0,0.002924247445779692,0.013066459191314318
0.009999999999999995,-0.05,0.01396205961227417,0.0,0.9,0.99916,0.9999795073568589,0.0,0.9761904761904762,0.9983244608932671,0.9999590995203185,1.0,0.97596,1.0,0.002809858755673977,0.013756249785801544
0.01999999999999999,-0.05,0.0138638580429554,0.0,0.9,0.99912,0.9999590079934413,0.0,0.9545454545454546,0.9982447333959635,0.9999185268455432,1.0,0.9758,1.0,0.002750405894847822,0.01357792923006798
0.03,-0.05,0.013893252878189087,0.0,0.9,0.99924,0.9999384905583008,0.0,0.9210526315789473,0.9984834237804034,0.9998764749027813,1.0,0.97546,1.0,0.00271609410170993,0.013657251756550946
0.04000000000000001,-0.05,0.013932065938711167,0.0,0.9,0.99892,0.9999180881780763,0.0,0.9259259259259259,0.9978463673970878,0.9998348280620575,1.0,0.97666,1.0,0.0027736894531050905,0.01320354704114666
0.04999999999999999,-0.05,0.014385025324821473,0.0,0.9,0.99906,0.9999589415121841,0.0,0.9574468085106383,0.998125137159763,0.9999178168729995,1.0,0.97422,1.0,0.0028438606854366464,0.014066313714134408
0.06,-0.05,0.014760151093006133,0.0,0.9,0.99896,0.9999589356110381,0.0,0.9615384615384616,0.9979262904063185,0.9999169129356218,1.0,0.97408,1.0,0.0030513051742428457,0.013948981728857626
0.07,-0.05,0.015081164169311524,0.0,0.9,0.99878,0.9999794661190965,0.0,0.9836065573770492,0.9975670031298691,0.9999589732800337,1.0,0.974,1.0,0.0032028267108522466,0.014117802116014874
0.07999999999999999,-0.05,0.015151736892461777,0.0,0.9,0.9991,1.0,0.0,1.0,0.9982041817825248,1.0,1.0,0.97202,1.0,0.0030111655020751693,0.014602904660005439
0.09,-0.05,0.016211871839761735,0.0,0.9,0.9988,0.9999587688374874,0.0,0.9666666666666667,0.9976095506008652,0.9999175188970382,1.0,0.97014,1.0,0.003578963774945823,0.014869637243244709
0.1,-0.05,0.017071959166526793,0.0,0.9,0.99874,0.9999380613192939,0.0,0.9523809523809523,0.997489990990131,0.9998763633308251,1.0,0.9687,1.0,0.003689972702303065,0.01523680526393087
-0.1,-0.04000000000000001,0.017702094645500183,0.0,0.9,0.9987,0.9999379575629731,0.0,0.9538461538461539,0.9974092242519551,0.9998750434330715,1.0,0.96708,1.0,0.004177255350878212,0.015779551685176516
-0.09000000000000001,-0.04000000000000001,0.016351842528581618,0.0,0.9,0.99892,0.9999587501289059,0.0,0.9629629629629629,0.9978470397205218,0.9999163482331247,1.0,0.9697,1.0,0.0035714683545097973,0.015046210752465228
-0.08,-0.04000000000000001,0.01621533731818199,0.0,0.9,0.9988,0.9998556939061598,0.0,0.8833333333333333,0.9976064848115146,0.9997113256692262,1.0,0.97016,1.0,0.0035919724570784863,0.0145045115687826
-0.07,-0.04000000000000001,0.015473862928152084,0.0,0.9,0.99892,0.9999588781972202,0.0,0.9629629629629629,0.9978469974616746,0.9999168043823679,1.0,0.97272,1.0,0.0033599580163825873,0.014748262058213463
-0.060000000000000005,-0.04000000000000001,0.014344051570892333,0.0,0.9,0.99904,0.9999794888624524,0.0,0.9791666666666666,0.9980867862606847,0.9999592252379567,1.0,0.97508,1.0,0.002903405610525338,0.013894841755827574
-0.05,-0.04000000000000001,0.014379716798067092,0.0,0.9,0.99912,0.999938446386803,0.0,0.9318181818181818,0.9982442630466708,0.9998756782353893,1.0,0.97476,1.0,0.0029316517584315346,0.014075514504174214
-0.04000000000000001,-0.04000000000000001,0.014009243396520614,0.0,0.9,0.9989,0.9998975409836065,0.0,0.9090909090909091,0.9978058907408157,0.9997949838350421,1.0,0.976,1.0,0.0028477649704793644,0.012945747103150333
-0.03,-0.04000000000000001,0.013985665060281753,0.0,0.9,0.99924,0.9999385056882238,0.0,0.9210526315789473,0.9984835844067943,0.9998762237536323,1.0,0.9757,1.0,0.0028263165353740005,0.013951577887229123
-0.020000000000000004,-0.04000000000000001,0.013637635015249252,0.0,0.9,0.99918,0.9999180848231656,0.0,0.9024390243902439,0.9983637459893341,0.9998352802217662,1.0,0.97662,1.0,0.002694408581403189,0.013277176179227131
-0.010000000000000009,-0.04000000000000001,0.013162624223232269,0.0,0.9,0.99942,0.9999180999180999,0.0,0.8620689655172413,0.9988423524304152,0.9998361430189421,1.0,0.9768,1.0,0.0024244390708024646,0.01328164155464139
0.0,-0.04000000000000001,0.013039530475139617,0.0,0.9,0.9995,1.0,0.0,1.0,0.9990021515610553,1.0,1.0,0.97672,1.0,0.0023419740740923227,0.01316061520268924
0.009999999999999995,-0.04000000000000001,0.013605759714841842,0.0,0.9,0.99892,0.9999795170111223,0.0,0.9814814814814815,0.9978466441721673,0.999958843380432,1.0,0.97642,1.0,0.0027711860097978927,0.012881984403397452
0.01999999999999999,-0.04000000000000001,0.013941985054016113,0.0,0.9,0.99918,0.9998769508418613,0.0,0.8536585365853658,0.998364814030519,0.9997500489336947,1.0,0.97522,1.0,0.0027850801880567547,0.013336405494598361
0.03,-0.04000000000000001,0.013748416918516158,0.0,0.9,0.99908,0.9999181434944542,0.0,0.9130434782608695,0.9981643043878263,0.9998350409927358,1.0,0.97732,1.0,0.0027657745160806343,0.01302573403564157
0.04000000000000001,-0.04000000000000001,0.013934407858848571,0.0,0.9,0.9992,0.9999180109455388,0.0,0.9,0.9984045391469364,0.9998356645141294,1.0,0.97574,1.0,0.002752081301892357,0.013327589531834896
0.04999999999999999,-0.04000000000000001,0.01444100123643875,0.0,0.9,0.9992,0.999938443860801,0.0,0.925,0.9984038608374277,0.9998763272533256,1.0,0.97472,1.0,0.0028767305588244694,0.014272799715740263
0.06,-0.04000000000000001,0.01449877035021782,0.0,0.9,0.99886,1.0,0.0,1.0,0.9977266899222176,1.0,1.0,0.97518,1.0,0.003062542493469718,0.013563203143210882
0.07,-0.04000000000000001,0.014837357625961304,0.0,0.9,0.99884,0.9999589128335764,0.0,0.9655172413793104,0.9976865296053934,0.9999175152959249,1.0,0.97354,1.0,0.00310949688530184,0.013568946719677925
0.07999999999999999,-0.04000000000000001,0.015201776428222655,0.0,0.9,0.99912,0.9999588697404681,0.0,0.9545454545454546,0.9982450953415042,0.9999179623423703,1.0,0.97252,1.0,0.003064917358571108,0.014908675037265904
0.09,-0.04000000000000001,0.015810921107530594,0.0,0.9,0.99888,0.9999382309339483,0.0,0.9464285714285714,0.9977675127537631,0.9998747123800371,1.0,0.97136,1.0,0.0033551013379043725,0.014546789113653197
0.1,-0.04000000000000001,0.01671701241970062,0.0,0.9,0.99882,0.9999380229315153,0.0,0.9491525423728814,0.9976466842438204,0.9998750219223698,1.0,0.9681,1.0,0.003559607809231959,0.015491712070531969
-0.1,-0.03,0.01720091570854187,0.0,0.9,0.99864,0.9999586571853811,0.0,0.9705882352941176,0.9972912346073103,0.9999158747586064,1.0,0.96752,1.0,0.003892859729314977,0.015469178836887277
-0.09000000000000001,-0.03,0.016217781447172164,0.0,0.9,0.99878,0.9999587611860283,0.0,0.9672131147540983,0.9975673202570704,0.9999158457048354,1.0,0.96996,1.0,0.003547381757821714,0.014555121078816069
-0.08,-0.03,0.016061166665554048,0.0,0.9,0.99888,0.9998763371050516,0.0,0.8928571428571429,0.99776818336993,0.9997494678961901,1.0,0.97038,1.0,0.0035802911533025813,0.014758652965139634
-0.07,-0.03,0.014870768756866454,0.0,0.9,0.999,0.9999589372972529,0.0,0.96,0.9980054967592892,0.999917433185404,1.0,0.97412,1.0,0.0031419143763046593,0.014212082820213905
-0.060000000000000005,-0.03,0.014541839170455933,0.0,0.9,0.99894,0.9998973622087652,0.0,0.9056603773584906,0.9978864824700113,0.9997929192807029,1.0,0.9743,1.0,0.0030922262646304027,0.013559344693046602
-0.05,-0.03,0.013997562103271485,0.0,0.9,0.99912,0.9999590197524793,0.0,0.9545454545454546,0.9982440621801567,0.9999170944169535,1.0,0.97608,1.0,0.0028691027274673764,0.013700100197357849
-0.04000000000000001,-0.03,0.01370974968791008,0.0,0.9,0.99922,0.9999590079934413,0.0,0.9487179487179487,0.9984440618611117,0.9999176475913449,1.0,0.9758,1.0,0.002738669650396498,0.013032443666848765
-0.03,-0.03,0.013584571161270141,0.0,0.9,0.9993,0.9999385119901619,0.0,0.9142857142857143,0.9986034234538075,0.9998763506103523,1.0,0.9758,1.0,0.002672096057513075,0.013325365661038141
-0.020000000000000004,-0.03,0.013704855720996856,0.0,0.9,0.99908,0.9999795035766259,0.0,0.9782608695652174,0.9981650532248887,0.9999591835034716,1.0,0.97578,1.0,0.0026806790762889834,0.013026303009614548
-0.010000000000000009,-0.03,0.013077228815555572,0.0,0.9,0.9991,0.9999795421533929,0.0,0.9777777777777777,0.9982046182052684,0.9999586775095516,1.0,0.97762,1.0,0.0025649103597526085,0.013053120410747526
0.0,-0.03,0.01287813226699829,0.0,0.9,0.99926,0.9999386615960253,0.0,0.918918918918919,0.998523504885505,0.9998766505632798,1.0,0.97818,1.0,0.002419055792812869,0.01291463891593675
0.009999999999999995,-0.03,0.012955332610607146,0.0,0.9,0.99922,1.0,0.0,1.0,0.9984433486839692,1.0,1.0,0.97802,1.0,0.002470197121482489,0.013108612110016803
0.01999999999999999,-0.03,0.013212490774393081,0.0,0.9,0.99904,0.9999386277157236,0.0,0.9375,0.9980848612024839,0.9998765326018471,1.0,0.97764,1.0,0.002564324961317649,0.012659241850674165
0.03,-0.03,0.013097366137504578,0.0,0.9,0.99922,0.999979545919411,0.0,0.9743589743589743,0.998443148767928,0.999959472776546,1.0,0.9778,1.0,0.002437193564622178,0.012943897452674548
0.04000000000000001,-0.03,0.013545106137990951,0.0,0.9,0.99942,0.9999589802489899,0.0,0.9310344827586207,0.9988425911523566,0.9999176442820652,1.0,0.97514,1.0,0.0024825983245001103,0.013679641381290054
0.04999999999999999,-0.03,0.013836560672521592,0.0,0.9,0.99918,0.9998975283846374,0.0,0.8780487804878049,0.9983641000393709,0.9997952356925589,1.0,0.97588,1.0,0.0027255641822905483,0.013229151950274331
0.06,-0.03,0.014464983241558075,0.0,0.9,0.99892,0.9999589676254564,0.0,0.9629629629629629,0.9978459658794191,0.9999168825116191,1.0,0.97484,1.0,0.0030612836079657634,0.013643588831998132
0.07,-0.03,0.01408861425280571,0.0,0.9,0.99914,0.9999589735174055,0.0,0.9534883720930233,0.9982847403334364,0.9999179065540109,1.0,0.97498,1.0,0.0027290896565972367,0.013835970349805674
0.07999999999999999,-0.03,0.014961900091171265,0.0,0.9,0.99902,0.9999794386758507,0.0,0.9795918367346939,0.9980454934288487,0.9999585456170044,1.0,0.9727,1.0,0.0030750697356459454,0.014170394975254068
0.09,-0.03,0.015470185655355453,0.0,0.9,0.99906,0.9999794039503224,0.0,0.9787234042553191,0.998125807580363,0.9999581990198391,1.0,0.97106,1.0,0.003182674685453543,0.014575946033863203
0.1,-0.03,0.015833532825708388,0.0,0.9,0.99912,0.9999794056469716,0.0,0.9772727272727273,0.9982443012182901,0.99995893067971,1.0,0.97114,1.0,0.0032889247807065727,0.014885006665013394
-0.1,-0.020000000000000004,0.016472940669059754,0.0,0.9,0.99886,0.9999380958276588,0.0,0.9473684210526315,0.9977275167061979,0.9998742238026946,1.0,0.96924,1.0,0.003559217007116715,0.01522353729282999
-0.09000000000000001,-0.020000000000000004,0.01636675959944725,0.0,0.9,0.99904,0.9999381302975933,0.0,0.9375,0.9980852949385007,0.9998750990090132,1.0,0.96978,1.0,0.003510417251940344,0.015338307768036947
-0.08,-0.020000000000000004,0.015490255256891251,0.0,0.9,0.99882,0.9999176395494883,0.0,0.9322033898305084,0.997645775719517,0.9998342832062138,1.0,0.97134,1.0,0.0033618206105098776,0.014452844056951096
-0.07,-0.020000000000000004,0.014807173252105713,0.0,0.9,0.999,0.9999178374825405,0.0,0.92,0.9980044643808625,0.9998354977941061,1.0,0.97368,1.0,0.0031437229093407132,0.013743629439825374
-0.060000000000000005,-0.020000000000000004,0.01454366809129715,0.0,0.9,0.99898,0.9999794538842431,0.0,0.9803921568627451,0.9979645809831805,0.9999586775095516,1.0,0.97342,1.0,0.00301272699905183,0.013867824937459677
-0.05,-0.020000000000000004,0.013499550317525864,0.0,0.9,0.99906,0.9999590340222445,0.0,0.9574468085106383,0.9981249397761389,0.999917864476386,1.0,0.97642,1.0,0.002664708968332082,0.013364735685970134
-0.04000000000000001,-0.020000000000000004,0.013609023426771163,0.0,0.9,0.99918,0.9999385548091103,0.0,0.926829268292683,0.9983642204303363,0.9998760904402865,1.0,0.97648,1.0,0.0026596217661269982,0.013317110420290289
-0.03,-0.020000000000000004,0.013584112013578415,0.0,0.9,0.99906,0.9999795111356977,0.0,0.9787234042553191,0.9981261660572194,0.9999585905349795,1.0,0.97614,1.0,0.002739688556474304,0.013045398133756242
-0.020000000000000004,-0.020000000000000004,0.013546666613817215,0.0,0.9,0.99908,1.0,0.0,1.0,0.9981648586653613,1.0,1.0,0.97664,1.0,0.002749935333200643,0.013164122078725714
-0.010000000000000009,-0.020000000000000004,0.013241974453926086,0.0,0.9,0.99904,0.999938605108055,0.0,0.9375,0.9980852944661028,0.9998754999705377,1.0,0.97728,1.0,0.0026316170959945896,0.013006264193919434
0.0,-0.020000000000000004,0.013004355763196945,0.0,0.9,0.99916,0.9999386252045827,0.0,0.9285714285714286,0.9983240239924417,0.99987559103083,1.0,0.9776,1.0,0.0025373748975671463,0.012901775862924764
0.009999999999999995,-0.020000000000000004,0.012764657415151596,0.0,0.9,0.99922,0.9999795530292187,0.0,0.9743589743589743,0.9984440635964097,0.9999584197786998,1.0,0.97814,1.0,0.0024084203368541462,0.01261201701256836
0.01999999999999999,-0.020000000000000004,0.013187879165410995,0.0,0.9,0.99918,0.999979539223309,0.0,0.975609756097561,0.9983641421766599,0.9999585470415905,1.0,0.97748,1.0,0.002565216907476931,0.013328448546235609
0.03,-0.020000000000000004,0.013419194567203521,0.0,0.9,0.99904,0.9999795367111403,0.0,0.9791666666666666,0.99808434288699,0.9999590995203185,1.0,0.97736,1.0,0.0026936721627536723,0.012774919465984299
0.04000000000000001,-0.020000000000000004,0.013428396077156067,0.0,0.9,0.99912,0.9999386189258312,0.0,0.9318181818181818,0.9982438659003506,0.9998765342885502,1.0,0.9775,1.0,0.0026357972792755697,0.01319652952413514
0.04999999999999999,-0.020000000000000004,0.01309328649520874,0.0,0.9,0.99924,0.9999591244456253,0.0,0.9473684210526315,0.9984825929018457,0.9999175181519522,1.0,0.97858,1.0,0.002452293630260393,0.012781750018849718
0.06,-0.020000000000000004,0.014332406694889069,0.0,0.9,0.99888,0.9999179655455291,0.0,0.9285714285714286,0.9977674803987544,0.999835592007596,1.0,0.9752,1.0,0.002987544237641773,0.013555829165471902
0.07,-0.020000000000000004,0.01425277333498001,0.0,0.9,0.99894,0.9999794867587027,0.0,0.9811320754716981,0.997885693822965,0.9999593480820476,1.0,0.97498,1.0,0.0028234460921969184,0.013227385995710047
0.07999999999999999,-0.020000000000000004,0.015017847443819047,0.0,0.9,0.99904,0.9999383515196351,0.0,0.9375,0.9980849348807753,0.9998759790592459,1.0,0.97326,1.0,0.0030936639726888786,0.013981289704718451
0.09,-0.020000000000000004,0.01505320578455925,0.0,0.9,0.99894,0.9999588934106137,0.0,0.9622641509433962,0.9978862096240264,0.9999167056498789,1.0,0.97308,1.0,0.0031256592960168467,0.014027452570651553
0.1,-0.020000000000000004,0.01611578113436699,0.0,0.9,0.99892,0.999958795170794,0.0,0.9629629629629629,0.9978481324010129,0.9999180698477653,1.0,0.97076,1.0,0.00345731695548596,0.014996404920604065
-0.1,-0.010000000000000009,0.01713540341734886,0.0,0.9,0.99854,0.9998967006177303,0.0,0.9315068493150684,0.997090527718468,0.9997931238655049,1.0,0.96806,0.99998,0.003992005059272155,0.014872998163774704
-0.09000000000000001,-0.010000000000000009,0.01573752020716667,0.0,0.9,0.99896,0.9999793686816587,0.0,0.9807692307692307,0.9979264796185265,0.9999579311504126,1.0,0.9694,1.0,0.0032895689757642186,0.01491494457101768
-0.08,-0.010000000000000009,0.015017866278886795,0.0,0.9,0.9989,0.9998972926338277,0.0,0.9090909090909091,0.9978066870745568,0.9997915802646996,1.0,0.97364,1.0,0.0031727119757766916,0.013839348281990248
-0.07,-0.010000000000000009,0.014791406848430633,0.0,0.9,0.99904,1.0,0.0,1.0,0.9980848032170873,1.0,1.0,0.97256,1.0,0.003093261170286319,0.014386390604752873
-0.060000000000000005,-0.010000000000000009,0.013842857366800309,0.0,0.9,0.99914,1.0,0.0,1.0,0.9982854814706221,1.0,1.0,0.97534,1.0,0.002739456250732783,0.013595729792241388
-0.05,-0.010000000000000009,0.013394210659265517,0.0,0.9,0.99926,0.9999795010556957,0.0,0.972972972972973,0.998523505668441,0.9999586760983066,1.0,0.97566,1.0,0.0025371356826712366,0.01328854862659727
-0.04000000000000001,-0.010000000000000009,0.013602545117139816,0.0,0.9,0.99904,0.9999590700720367,0.0,0.9583333333333334,0.9980847015313007,0.9999174384622055,1.0,0.97728,1.0,0.0027330549224904477,0.013199429684644125
-0.03,-0.010000000000000009,0.012988206468820571,0.0,0.9,0.99918,0.9999591144183004,0.0,0.9512195121951219,0.9983646584331279,0.9999178567573385,1.0,0.97834,1.0,0.002511376093366419,0.012813780019625614
-0.020000000000000004,-0.010000000000000009,0.013135458394289017,0.0,0.9,0.99904,1.0,0.0,1.0,0.9980854566753797,1.0,1.0,0.9783,1.0,0.002635018958582533,0.013115067768265761
-0.010000000000000009,-0.010000000000000009,0.012882748359441757,0.0,0.9,0.99912,0.9999795630581839,0.0,0.9772727272727273,0.9982455333527801,0.9999588042629739,1.0,0.97862,1.0,0.002517580481890172,0.01250665920728717
0.0,-0.010000000000000009,0.01290817017197609,0.0,0.9,0.9992,0.9999591169255928,0.0,0.95,0.9984043016878649,0.9999174300200248,1.0,0.9784,1.0,0.002487195886023705,0.012708691566288361
0.009999999999999995,-0.010000000000000009,0.012563680790662765,0.0,0.9,0.99938,0.9999591286222258,0.0,0.9354838709677419,0.9987625884665937,0.999917864303227,1.0,0.97868,1.0,0.0023013543621188052,0.012916344523775873
0.01999999999999999,-0.010000000000000009,0.012886287914514542,0.0,0.9,0.99914,0.9999386854153042,0.0,0.9302325581395349,0.9982849670756859,0.9998762376447307,1.0,0.97856,1.0,0.0024992968306014446,0.01264243516595607
0.03,-0.010000000000000009,0.013311998211145402,0.0,0.9,0.99918,0.9999590792838875,0.0,0.9512195121951219,0.9983652535926401,0.9999174361893517,1.0,0.9775,1.0,0.0026356067582435183,0.01292053568464231
0.04000000000000001,-0.010000000000000009,0.013228407326936722,0.0,0.9,0.9993,0.9999590466049636,0.0,0.9428571428571428,0.9986030676684952,0.9999183601726409,1.0,0.97672,1.0,0.0025263436691573757,0.012978278030744285
0.04999999999999999,-0.010000000000000009,0.013797898803949356,0.0,0.9,0.99926,0.9999385585843897,0.0,0.918918918918919,0.9985229897215698,0.9998769401275419,1.0,0.97654,1.0,0.0027541001039030886,0.013439756923061433
0.06,-0.010000000000000009,0.013625529217720032,0.0,0.9,0.99916,0.9999590591799554,0.0,0.9523809523809523,0.9983258444863488,0.9999176897189319,1.0,0.97702,1.0,0.002672267761164763,0.01331467673564719
0.07,-0.010000000000000009,0.01460802637219429,0.0,0.9,0.99882,0.99997947791824,0.0,0.9830508474576272,0.9976475984315016,0.9999583766458767,1.0,0.97456,1.0,0.0030621691919043388,0.013774276494794069
0.07999999999999999,-0.010000000000000009,0.014162928993701935,0.0,0.9,0.9993,1.0,0.0,1.0,0.9986040209876264,1.0,1.0,0.97386,1.0,0.002658828832522793,0.013892804087678253
0.09,-0.010000000000000009,0.015121725095510482,0.0,0.9,0.99888,0.9999178762806168,0.0,0.9285714285714286,0.9977670421014083,0.9998333692123424,1.0,0.97414,1.0,0.003177137813052159,0.014161823817326797
0.1,-0.010000000000000009,0.015763534067869185,0.0,0.9,0.99888,0.9999793980098477,0.0,0.9821428571428571,0.9977649424723062,0.9999590579558313,1.0,0.97078,1.0,0.0032436162660811913,0.014596255001276225
-0.1,0.0,0.01634749622106552,0.0,0.9,0.9989,0.9998969242186856,0.0,0.9090909090909091,0.9978076513273845,0.9997925825615244,1.0,0.97016,1.0,0.0035808666256518496,0.01520207270593449
-0.09000000000000001,0.0,0.015844183616638183,0.0,0.9,0.99886,0.9999794047986819,0.0,0.9824561403508771,0.9977271621488911,0.999958676980346,1.0,0.9711,0.99998,0.0034844682266243036,0.014452146749218388
-0.08,0.0,0.015059760812520981,0.0,0.9,0.99898,0.9999383071481451,0.0,0.9411764705882353,0.9979662036518364,0.9998756865716948,1.0,0.97256,1.0,0.003159114802716833,0.014259473112023798
-0.07,0.0,0.014181325939893722,0.0,0.9,0.9988,0.9999590046324766,0.0,0.9666666666666667,0.9976073212056308,0.999918234809386,1.0,0.97572,1.0,0.0030480359695184154,0.013010627481713105
-0.060000000000000005,0.0,0.01414858366727829,0.0,0.9,0.99912,0.9999179335672227,0.0,0.9090909090909091,0.9982446171004716,0.9998349049554881,1.0,0.97482,1.0,0.0028532701750290236,0.01394079887127232
-0.05,0.0,0.013441817770004272,0.0,0.9,0.99914,0.9999795262371272,0.0,0.9767441860465116,0.9982850926736064,0.9999588879029874,1.0,0.97686,1.0,0.0026750874697335746,0.012836859523628986
-0.04000000000000001,0.0,0.013273596898317338,0.0,0.9,0.99916,0.9999590524742542,0.0,0.9523809523809523,0.998323267416993,0.9999180736629772,1.0,0.97686,1.0,0.0025656760725965904,0.013251503709765983
-0.03,0.0,0.012752889541387558,0.0,0.9,0.99936,1.0,0.0,1.0,0.9987228301999755,1.0,1.0,0.97806,1.0,0.002374172479749243,0.013089292068178507
-0.020000000000000004,0.0,0.012935985647439956,0.0,0.9,0.99908,0.9999591043860546,0.0,0.9565217391304348,0.9981646210510394,0.9999182789214648,1.0,0.9781,1.0,0.002511107964943154,0.012622233930274807
-0.010000000000000009,0.0,0.012796198174953461,0.0,0.9,0.99912,0.9999183089962218,0.0,0.9090909090909091,0.998243904551949,0.9998359686437125,1.0,0.9793,1.0,0.00254559539434637,0.012456587586154082
0.0,0.0,0.012783927844762802,0.0,0.9,0.99934,0.999959093512231,0.0,0.9393939393939394,0.9986829098840961,0.9999180071099038,1.0,0.97784,1.0,0.0023595082582493617,0.01248301236804936
0.009999999999999995,0.0,0.012823955769538879,0.0,0.9,0.99902,0.9999591244456253,0.0,0.9591836734693877,0.9980462089831057,0.9999178605030208,1.0,0.97858,1.0,0.002578065085867406,0.012319249377641261
0.01999999999999999,0.0,0.012773547157049179,0.0,0.9,0.99924,0.9999591353030117,0.0,0.9473684210526315,0.9984834657473326,0.9999176429187935,1.0,0.97884,1.0,0.002488634101660509,0.012954566483223795
0.03,0.0,0.013411091721057892,0.0,0.9,0.99916,0.9999385623592054,0.0,0.9285714285714286,0.9983254506629181,0.9998755075505754,1.0,0.9766,1.0,0.0026945607371728726,0.01288904440439441
0.04000000000000001,0.0,0.01349900966644287,0.0,0.9,0.99904,0.9999386540703025,0.0,0.9375,0.9980856556390519,0.9998754524337096,1.0,0.97806,1.0,0.002729727507879207,0.012978374457581945
0.04999999999999999,0.0,0.013657344080209731,0.0,0.9,0.99912,0.9999590331831216,0.0,0.9545454545454546,0.9982454533590852,0.9999168264959867,1.0,0.9764,1.0,0.0026859469250439917,0.013102927795952835
0.06,0.0,0.014016516630649567,0.0,0.9,0.99902,0.9998975661722527,0.0,0.8979591836734694,0.9980456141407487,0.9997939592227247,1.0,0.97624,1.0,0.0028769413509870433,0.013417211558114824
0.07,0.0,0.014035732572078704,0.0,0.9,0.99916,0.9999795023162382,0.0,0.9761904761904762,0.9983241824073649,0.9999585905349794,1.0,0.97572,1.0,0.0027891375182733684,0.01356775560227926
0.07999999999999999,0.0,0.014621507467031478,0.0,0.9,0.9991,1.0,0.0,1.0,0.9982061613311994,1.0,1.0,0.97334,1.0,0.002909164205210492,0.014142335849571476
0.09,0.0,0.014702705819606782,0.0,0.9,0.99928,1.0,0.0,1.0,0.9985628289314141,1.0,1.0,0.97198,1.0,0.002815645494938857,0.01442556034496895
0.1,0.0,0.015502367669343948,0.0,0.9,0.9991,0.9999793997074758,0.0,0.9777777777777777,0.9982036670919286,0.9999586338475228,1.0,0.97086,1.0,0.0030982114414371074,0.014802380792148028
-0.1,0.009999999999999995,0.016276643699407577,0.0,0.9,0.9988,0.9999381098756008,0.0,0.95,0.9976088589140869,0.9998753828232312,1.0,0.96946,1.0,0.0035762802764008252,0.015246657654932407
-0.09000000000000001,0.009999999999999995,0.0157770148897171,0.0,0.9,0.99884,0.9999175529722154,0.0,0.9310344827586207,0.9976867273118493,0.9998346544557444,1.0,0.97032,1.0,0.0034777770081420444,0.014330994516947665
-0.08,0.009999999999999995,0.015023055889606476,0.0,0.9,0.99884,0.9999383084167883,0.0,0.9482758620689655,0.9976865695255381,0.9998768791414,1.0,0.97258,1.0,0.0031918612289673935,0.013818256702924133
-0.07,0.009999999999999995,0.014578083863258361,0.0,0.9,0.99896,0.9999794471277361,0.0,0.9807692307692307,0.9979257329545044,0.9999587627112879,1.0,0.9731,1.0,0.0030457937849443038,0.013955857173661263
-0.060000000000000005,0.009999999999999995,0.01398920852780342,0.0,0.9,0.99912,0.9998975157825695,0.0,0.8863636363636364,0.9982448178051255,0.9997937595782926,1.0,0.97576,1.0,0.002834018232299792,0.013623356564948643
-0.05,0.009999999999999995,0.013531776024103164,0.0,0.9,0.99916,0.9999386076208406,0.0,0.9285714285714286,0.9983245421621411,0.9998768743093984,1.0,0.97732,1.0,0.002709750110745991,0.0130239161662268
-0.04000000000000001,0.009999999999999995,0.013163294340372085,0.0,0.9,0.99924,1.0,0.0,1.0,0.998483308447618,1.0,1.0,0.97706,1.0,0.002544441525763362,0.013272382642394628
-0.03,0.009999999999999995,0.013223389021158218,0.0,0.9,0.99908,0.999938588769933,0.0,0.9347826086956522,0.9981668000301974,0.9998761457964706,1.0,0.97702,1.0,0.0026891437023424613,0.012900592686264445
-0.020000000000000004,0.009999999999999995,0.013182244223356248,0.0,0.9,0.99918,0.9999590960220881,0.0,0.9512195121951219,0.9983644167308161,0.9999180734845327,1.0,0.9779,1.0,0.0026444841418689544,0.013027065431265807
-0.010000000000000009,0.009999999999999995,0.012842584215402603,0.0,0.9,0.99926,0.9998978027593255,0.0,0.8648648648648649,0.9985242207484102,0.9997945894815748,1.0,0.9785,1.0,0.002439552282995164,0.013043982673427924
0.0,0.009999999999999995,0.012334227250814438,0.0,0.9,0.99932,1.0,0.0,1.0,0.998643265996938,1.0,1.0,0.97944,1.0,0.00224596130400325,0.012862474514516399
0.009999999999999995,0.009999999999999995,0.012585059431791305,0.0,0.9,0.99918,0.9999795764148438,0.0,0.975609756097561,0.998363270749338,0.9999587199345653,1.0,0.97926,1.0,0.002347953542463429,0.012761592038346394
0.01999999999999999,0.009999999999999995,0.012923306651115418,0.0,0.9,0.99924,0.999979556791234,0.0,0.9736842105263158,0.9984839059786061,0.9999588053116116,1.0,0.97832,1.0,0.0025511259770804873,0.012727845376523616
0.03,0.009999999999999995,0.013303991076946258,0.0,0.9,0.999,0.999959126116368,0.0,0.96,0.9980061259996599,0.9999188634297015,1.0,0.97862,1.0,0.002764298203238436,0.012555880737028907
0.04000000000000001,0.009999999999999995,0.013361808120012284,0.0,0.9,0.9991,0.9999590667212443,0.0,0.9555555555555556,0.9982056849863765,0.9999181978484848,1.0,0.9772,1.0,0.002660710470916583,0.013424252602927352
0.04999999999999999,0.009999999999999995,0.01308958869099617,0.0,0.9,0.99914,0.9999386891745519,0.0,0.9302325581395349,0.9982853697262491,0.9998774227744608,1.0,0.97862,1.0,0.0025088525986493213,0.012539504865422602
0.06,0.009999999999999995,0.01395524150967598,0.0,0.9,0.99902,0.999959034861333,0.0,0.9591836734693877,0.9980458118415209,0.999917901035818,1.0,0.97644,1.0,0.0028913861027642595,0.013051198187653008
0.07,0.009999999999999995,0.014119205576181413,0.0,0.9,0.99918,0.9999794918069769,0.0,0.975609756097561,0.9983641017822125,0.9999588053116117,1.0,0.97522,1.0,0.002745304005435005,0.013748976415038168
0.07999999999999999,0.009999999999999995,0.014639300493001937,0.0,0.9,0.999,0.9999589516244894,0.0,0.96,0.9980051781856831,0.999917386174657,1.0,0.97446,1.0,0.002999027134937315,0.013621606201746739
0.09,0.009999999999999995,0.01534045117378235,0.0,0.9,0.99906,0.9998971341576316,0.0,0.8936170212765957,0.9981256122426346,0.9997926686850888,1.0,0.97214,1.0,0.0032456197124369093,0.014462139739640518
0.1,0.009999999999999995,0.016361712930202485,0.0,0.9,0.99882,0.9999587594853184,0.0,0.9661016949152542,0.9976495190353891,0.9999166644873716,1.0,0.96992,1.0,0.003582415443355149,0.014855076496871115
-0.1,0.01999999999999999,0.016778235630989076,0.0,0.9,0.99858,0.9999793618689892,0.0,0.9859154929577465,0.9971681606460071,0.9999585060454627,1.0,0.96908,1.0,0.0038852650202764517,0.014987968005207322
-0.09000000000000001,0.01999999999999999,0.015939415148496627,0.0,0.9,0.9988,0.9999175359749309,0.0,0.9333333333333333,0.9976074015296337,0.9998339103667873,1.0,0.97012,1.0,0.003556679880062671,0.014389584008349148
-0.08,0.01999999999999999,0.01508905258178711,0.0,0.9,0.99898,0.9999588570488162,0.0,0.9607843137254902,0.9979667235137161,0.9999171733421102,1.0,0.97222,1.0,0.0032082960866284867,0.014298248239426464
-0.07,0.01999999999999999,0.014382340084314346,0.0,0.9,0.99878,0.9999589583632595,0.0,0.9672131147540983,0.9975670862714484,0.9999177338809787,1.0,0.97462,1.0,0.0030318372711018054,0.013652377142403605
-0.060000000000000005,0.01999999999999999,0.014024629691839218,0.0,0.9,0.99896,0.9999589802489899,0.0,0.9615384615384616,0.9979262500118488,0.9999177754584798,1.0,0.97514,1.0,0.0028677125956810255,0.01351146879561501
-0.05,0.01999999999999999,0.013984052342176437,0.0,0.9,0.99908,0.9999179874110676,0.0,0.9130434782608695,0.9981650032950189,0.9998344946336364,1.0,0.97546,1.0,0.002835167949499523,0.013401304364480024
-0.04000000000000001,0.01999999999999999,0.013302529104948044,0.0,0.9,0.99922,0.999938588769933,0.0,0.9230769230769231,0.9984433886041292,0.9998764985198103,1.0,0.97702,1.0,0.0026117617460379226,0.013228038452650609
-0.03,0.01999999999999999,0.01289059157371521,0.0,0.9,0.99924,0.9999590960220881,0.0,0.9473684210526315,0.9984841408977091,0.9999182818316891,1.0,0.9779,1.0,0.0024306572647209827,0.01287097680667785
-0.020000000000000004,0.01999999999999999,0.013165792577266694,0.0,0.9,0.99896,0.9999591211037302,0.0,0.9615384615384616,0.9979256146178748,0.999917468194666,1.0,0.9785,1.0,0.002681963080652888,0.012716668376721703
-0.010000000000000009,0.01999999999999999,0.013258874393701553,0.0,0.9,0.99918,0.9999386515613178,0.0,0.926829268292683,0.9983640659754367,0.9998765824985726,1.0,0.97802,1.0,0.002723979842113825,0.01289537750213414
0.0,0.01999999999999999,0.012643095601797103,0.0,0.9,0.99936,0.9999591194325778,0.0,0.9375,0.9987225116339205,0.9999181152316623,1.0,0.97846,1.0,0.002361459250807748,0.012652487304020927
0.009999999999999995,0.01999999999999999,0.012882247287034989,0.0,0.9,0.9993,0.9999181937172775,0.0,0.8857142857142857,0.9986033480477917,0.9998358778746621,1.0,0.97792,1.0,0.002466172536444859,0.012685027411380213
0.01999999999999999,0.01999999999999999,0.013107387696504593,0.0,0.9,0.9991,0.9999182188055856,0.0,0.9111111111111111,0.9982050546468406,0.9998364699799208,1.0,0.97822,1.0,0.002632017231635287,0.012602710046505775
0.03,0.01999999999999999,0.012714370772838593,0.0,0.9,0.99936,0.9999591102387962,0.0,0.9375,0.9987232244891869,0.9999170965715851,1.0,0.97824,1.0,0.0023203693488867247,0.013163043339580377
0.04000000000000001,0.01999999999999999,0.013095211310386658,0.0,0.9,0.99934,0.9999386076208406,0.0,0.9090909090909091,0.9986840995508923,0.9998766638839018,1.0,0.97732,1.0,0.002432721995946519,0.013338450981743357
0.04999999999999999,0.01999999999999999,0.013501841642856598,0.0,0.9,0.99912,0.9999590373783922,0.0,0.9545454545454546,0.9982456878274274,0.9999176036487638,1.0,0.9765,1.0,0.002629293324563551,0.013346821220445393
0.06,0.01999999999999999,0.013910012310743331,0.0,0.9,0.99912,0.9999385145105755,0.0,0.9318181818181818,0.9982440658173407,0.9998767030935994,1.0,0.97584,1.0,0.0026764474236899644,0.013392195047431098
0.07,0.01999999999999999,0.01439769067645073,0.0,0.9,0.99922,0.9999384223814117,0.0,0.9230769230769231,0.9984438624250267,0.9998757677057114,1.0,0.97438,1.0,0.002901302638069615,0.013918093812367784
0.07999999999999999,0.01999999999999999,0.015092051416635513,0.0,0.9,0.99904,0.9998972820839411,0.0,0.8958333333333334,0.9980839867703466,0.9997925447412901,1.0,0.97354,1.0,0.0031778188772638174,0.013911012558038189
0.09,0.01999999999999999,0.016018125604391097,0.0,0.9,0.99868,0.9999382436493887,0.0,0.9545454545454546,0.9973681983461694,0.9998759904947421,1.0,0.97156,1.0,0.003629986162344897,0.014296638552856301
0.1,0.01999999999999999,0.015979769117832183,0.0,0.9,0.99906,0.9999176174980434,0.0,0.9148936170212766,0.9981256101920782,0.9998358051195555,1.0,0.97108,1.0,0.003378376549140115,0.014951802994813114
-0.1,0.03,0.016781055924892426,0.0,0.9,0.99866,1.0,0.0,1.0,0.9973305509910044,1.0,1.0,0.96812,1.0,0.0038579772992535207,0.015077169906239175
-0.09000000000000001,0.03,0.015886057913303376,0.0,0.9,0.99888,0.9999793946137521,0.0,0.9821428571428571,0.997765615886436,0.9999582015758486,1.0,0.97062,1.0,0.00340452858627576,0.014827029419942994
-0.08,0.03,0.015267793214321137,0.0,0.9,0.99878,0.9999588739692788,0.0,0.9672131147540983,0.9975670873705687,0.9999171840875136,1.0,0.97262,1.0,0.0033780282931992972,0.013841772479950793
-0.07,0.03,0.014727632629871368,0.0,0.9,0.99892,0.9999589027021474,0.0,0.9629629629629629,0.9978457771433284,0.9999174673903548,1.0,0.9733,1.0,0.0031121095914002266,0.014014548703141057
-0.060000000000000005,0.03,0.014286916856765747,0.0,0.9,0.99912,0.9999178762806168,0.0,0.9090909090909091,0.9982447007313658,0.99983487141915,1.0,0.97414,1.0,0.0029779777316844506,0.01392893062268267
-0.05,0.03,0.013563343719244003,0.0,0.9,0.99922,0.9999180881780763,0.0,0.8974358974358975,0.9984433867116838,0.9998356603079922,1.0,0.97666,1.0,0.00269337425915317,0.01313770634259871
-0.04000000000000001,0.03,0.013746526155471802,0.0,0.9,0.99904,0.9999795052569016,0.0,0.9791666666666666,0.9980844612189149,0.9999588470396965,1.0,0.97586,1.0,0.0028357777133453895,0.013258700569652903
-0.03,0.03,0.013236373754739761,0.0,0.9,0.99932,0.9999795220445191,0.0,0.9705882352941176,0.9986427905969562,0.9999592640988945,1.0,0.97666,1.0,0.0025242779171323086,0.013438596924255225
-0.020000000000000004,0.03,0.01273187209367752,0.0,0.9,0.9994,0.9999795404791619,0.0,0.9666666666666667,0.9988028669487318,0.9999588896400203,1.0,0.97754,1.0,0.0022809139550278757,0.012695953566659885
-0.010000000000000009,0.03,0.013063967286348344,0.0,0.9,0.99904,0.9998977170444318,0.0,0.8958333333333334,0.9980868871297982,0.9997949384635116,1.0,0.97768,1.0,0.0026380260468349477,0.012367839350442774
0.0,0.03,0.012887129108905793,0.0,0.9,0.9991,0.9999591611704408,0.0,0.9555555555555556,0.9982045803479437,0.999918235858024,1.0,0.97946,1.0,0.0025909391962755605,0.012337898196259578
0.009999999999999995,0.03,0.013066875677108765,0.0,0.9,0.99926,0.9999590683967091,0.0,0.9459459459459459,0.9985230296426783,0.9999173044564936,1.0,0.97724,1.0,0.00256516376108968,0.012655871947784234
0.01999999999999999,0.03,0.013041420542001725,0.0,0.9,0.99924,0.999979524979525,0.0,0.9736842105263158,0.9984835069351052,0.9999590562400469,1.0,0.9768,1.0,0.0025091937955227066,0.012926445359686895
0.03,0.03,0.01310119154214859,0.0,0.9,0.99916,1.0,0.0,1.0,0.9983241416985852,1.0,1.0,0.97818,1.0,0.002488738996769843,0.0129495408035501
0.04000000000000001,0.03,0.013627492141723633,0.0,0.9,0.99916,0.9999590491205799,0.0,0.9523809523809523,0.9983235454295563,0.9999183233961249,1.0,0.97678,1.0,0.0027354020290133035,0.013552399705913171
0.04999999999999999,0.03,0.0140910706782341,0.0,0.9,0.99906,0.9999384779443431,0.0,0.9361702127659575,0.9981246619188258,0.9998769989374483,1.0,0.97526,1.0,0.0029020244959612274,0.013459332734726423
0.06,0.03,0.013869995012283325,0.0,0.9,0.99898,0.9999384792059716,0.0,0.9411764705882353,0.9979660446102213,0.999876532879901,1.0,0.97528,1.0,0.0027647058139806473,0.013450214745849075
0.07,0.03,0.014545310617685318,0.0,0.9,0.99886,0.9999178998789023,0.0,0.9298245614035088,0.9977253796978232,0.9998339360750582,1.0,0.97442,1.0,0.0030456902939141293,0.013401507228867623
0.07999999999999999,0.03,0.014671551232337952,0.0,0.9,0.99912,0.9999794513510737,0.0,0.9772727272727273,0.9982441448605407,0.9999580696202531,1.0,0.9733,1.0,0.0029453787955126677,0.014571115355768187
0.09,0.03,0.015498459429740905,0.0,0.9,0.99902,0.9999382703347806,0.0,0.9387755102040817,0.9980446617664214,0.9998750803366693,1.0,0.97198,1.0,0.0032123505914063073,0.0146410069844341
0.1,0.03,0.016213980952501296,0.0,0.9,0.99888,0.9999175869457723,0.0,0.9285714285714286,0.9977675234837078,0.9998317672357789,1.0,0.97072,1.0,0.003458189354069571,0.015049371640726885
-0.1,0.04000000000000001,0.017116207035779953,0.0,0.9,0.9986,0.9999174116821176,0.0,0.9428571428571428,0.9972093775355702,0.9998333232007041,1.0,0.96866,1.0,0.0040529139723268015,0.014797232780201081
-0.09000000000000001,0.04000000000000001,0.016267601215839388,0.0,0.9,0.99884,0.9999793759151938,0.0,0.9827586206896551,0.9976860100251175,0.9999592625779903,1.0,0.96974,1.0,0.0035887305551598673,0.014941923875475296
-0.08,0.04000000000000001,0.016560100363492966,0.0,0.9,0.99842,0.9998968987132959,0.0,0.9367088607594937,0.9968512865223091,0.9997917082542321,1.0,0.96992,1.0,0.004007365575028298,0.014391375933802214
-0.07,0.04000000000000001,0.014733896820545196,0.0,0.9,0.99894,0.9999589103011874,0.0,0.9622641509433962,0.9978869234278608,0.9999173951496622,1.0,0.97348,1.0,0.003054891237317741,0.014058170478662074
-0.060000000000000005,0.04000000000000001,0.014268036193847656,0.0,0.9,0.99902,0.9999383907668296,0.0,0.9387755102040817,0.9980452580260024,0.9998758072031789,1.0,0.97388,1.0,0.002909159648999912,0.013576090604332245
-0.05,0.04000000000000001,0.014087732278108597,0.0,0.9,0.99898,0.9999384678494513,0.0,0.9411764705882353,0.9979647815240547,0.9998756393258346,1.0,0.9751,1.0,0.0029923886876633606,0.013376054292588419
-0.04000000000000001,0.04000000000000001,0.01384671727180481,0.0,0.9,0.99904,0.9999385145105755,0.0,0.9375,0.9980858108910408,0.9998765426871864,1.0,0.97584,1.0,0.002842292784729252,0.013331908604571317
-0.03,0.04000000000000001,0.013324755945205689,0.0,0.9,0.99926,1.0,0.0,1.0,0.9985230299598185,1.0,1.0,0.97684,1.0,0.002578451100419526,0.01348195250832824
-0.020000000000000004,0.04000000000000001,0.013610180593729019,0.0,0.9,0.999,1.0,0.0,1.0,0.9980056113185043,1.0,1.0,0.97642,1.0,0.0027574313198044636,0.013361807262015322
-0.010000000000000009,0.04000000000000001,0.013538214745521545,0.0,0.9,0.99898,0.9999385611009851,0.0,0.9411764705882353,0.9979658132663033,0.9998753280020775,1.0,0.97658,1.0,0.0027802560182224097,0.013125305758348003
0.0,0.04000000000000001,0.013576431624889375,0.0,0.9,0.99902,0.9999385912840563,0.0,0.9387755102040817,0.9980460508825147,0.9998766198934232,1.0,0.97706,1.0,0.002872848280574695,0.013189886535147537
0.009999999999999995,0.04000000000000001,0.01318268713593483,0.0,0.9,0.99908,1.0,0.0,1.0,0.9981651357369001,1.0,1.0,0.97748,1.0,0.0026932235482162725,0.013189474483542142
0.01999999999999999,0.04000000000000001,0.013174186660051346,0.0,0.9,0.99922,1.0,0.0,1.0,0.9984436255841703,1.0,1.0,0.97688,1.0,0.002513880927583834,0.012912666979181276
0.03,0.04000000000000001,0.013174308331012725,0.0,0.9,0.99932,0.9999590700720367,0.0,0.9411764705882353,0.9986444168597238,0.9999179831568652,1.0,0.97728,1.0,0.002513107952495889,0.013130765384724947
0.04000000000000001,0.04000000000000001,0.013835378711223601,0.0,0.9,0.99902,0.9999180462219308,0.0,0.9183673469387755,0.9980443419280105,0.999834354939086,1.0,0.97616,1.0,0.00273847439659494,0.01325477665271163
0.04999999999999999,0.04000000000000001,0.013798562034368515,0.0,0.9,0.99932,0.9999384640630128,0.0,0.9117647058823529,0.9986421143370628,0.9998759651712856,1.0,0.97504,1.0,0.0026683522751329205,0.013633808922541324
0.06,0.04000000000000001,0.014143396152257919,0.0,0.9,0.9991,0.9999385119901619,0.0,0.9333333333333333,0.998204818441296,0.9998777958452247,1.0,0.9758,1.0,0.002816502171456013,0.013869168881130534
0.07,0.04000000000000001,0.014588592892885208,0.0,0.9,0.999,0.9999589094569885,0.0,0.96,0.9980040662925768,0.9999165702565729,1.0,0.97346,1.0,0.002966966166981781,0.01368458039254996
0.07999999999999999,0.04000000000000001,0.015426482363939285,0.0,0.9,0.9989,0.9998766016082924,0.0,0.8909090909090909,0.9978062493785241,0.999753094172286,1.0,0.97246,1.0,0.0033203672541377576,0.014165936353228357
0.09,0.04000000000000001,0.01562791213274002,0.0,0.9,0.99908,0.9999794043745108,0.0,0.9782608695652174,0.9981652133714054,0.9999589315455485,1.0,0.97108,1.0,0.0031973624620492604,0.015251936176764068
0.1,0.04000000000000001,0.016415015223026276,0.0,0.9,0.99882,0.999896960329727,0.0,0.9152542372881356,0.9976454975450634,0.9997938785380367,1.0,0.9705,1.0,0.003545615650285371,0.014982641145355267
-0.1,0.04999999999999999,0.017126340717077256,0.0,0.9,0.99866,0.9999586725627144,0.0,0.9701492537313433,0.9973278428506616,0.9999161476482723,1.0,0.96788,1.0,0.00393135009434991,0.015239308434368822
-0.09000000000000001,0.04999999999999999,0.016424271594285965,0.0,0.9,0.99882,0.9998967518120057,0.0,0.9152542372881356,0.9976471239753821,0.9997902195409815,1.0,0.96854,1.0,0.0036598084731747473,0.015209973511987808
-0.08,0.04999999999999999,0.01579802449584007,0.0,0.9,0.99884,0.9999381889358195,0.0,0.9482758620689655,0.9976857370707342,0.9998774598332594,1.0,0.9707,1.0,0.0033996831821679068,0.014888226465236652
-0.07,0.04999999999999999,0.015112201836109162,0.0,0.9,0.9989,0.9999794170920467,0.0,0.9818181818181818,0.9978067507693312,0.9999584609412069,1.0,0.97168,1.0,0.0031521234205300597,0.01444736807813671
-0.060000000000000005,0.04999999999999999,0.014811562914848328,0.0,0.9,0.99896,0.9999383337787004,0.0,0.9423076923076923,0.9979262900882372,0.9998751579989958,1.0,0.97298,1.0,0.0031722880162629178,0.014223048980532418
-0.05,0.04999999999999999,0.014308822280168533,0.0,0.9,0.99902,0.9999589709924916,0.0,0.9591836734693877,0.9980452160600066,0.9999165753257825,1.0,0.97492,1.0,0.003003972022608947,0.01378187198400508
-0.04000000000000001,0.04999999999999999,0.013928726042509079,0.0,0.9,0.99908,0.9999794880210042,0.0,0.9782608695652174,0.9981648610434398,0.9999583317056655,1.0,0.97504,1.0,0.0027833156809504364,0.01350720074394921
-0.03,0.04999999999999999,0.013551831763982773,0.0,0.9,0.99916,0.9999795031565138,0.0,0.9761904761904762,0.9983244222407205,0.999959348921755,1.0,0.97576,1.0,0.0026758500795972715,0.013273221572790511
-0.020000000000000004,0.04999999999999999,0.013391603891849518,0.0,0.9,0.99912,0.999959080958324,0.0,0.9545454545454546,0.9982445374455616,0.9999180264059087,1.0,0.97754,1.0,0.002668329694176965,0.013134385734561264
-0.010000000000000009,0.04999999999999999,0.013536907925605773,0.0,0.9,0.99904,1.0,0.0,1.0,0.9980843058106892,1.0,1.0,0.9764,1.0,0.002804549046450558,0.013158333573666376
0.0,0.04999999999999999,0.013596097885370254,0.0,0.9,0.999,0.9999180999180999,0.0,0.92,0.9980049022388006,0.9998365537773934,1.0,0.9768,1.0,0.002779793627205944,0.0131035903659595
0.009999999999999995,0.04999999999999999,0.013140479917526244,0.0,0.9,0.99922,0.9999795379673017,0.0,0.9743589743589743,0.9984435460628883,0.9999589315455484,1.0,0.97742,1.0,0.002517815871904712,0.013038495944482795
0.01999999999999999,0.04999999999999999,0.01352354259967804,0.0,0.9,0.99918,1.0,0.0,1.0,0.9983646959865318,1.0,1.0,0.97634,1.0,0.002655988403348835,0.013019160319534477
0.03,0.04999999999999999,0.014096839135885239,0.0,0.9,0.9989,0.9999589802489899,0.0,0.9636363636363636,0.9978063716619576,0.9999183642868746,1.0,0.97514,1.0,0.0029448135360258475,0.01347734114824286
0.04000000000000001,0.04999999999999999,0.013842837498188019,0.0,0.9,0.9991,0.9999385069487148,0.0,0.9333333333333333,0.998203826613523,0.9998760909531649,1.0,0.97572,1.0,0.002783862587333648,0.01347462045456897
0.04999999999999999,0.04999999999999999,0.014130419462919236,0.0,0.9,0.99906,0.9999794968527669,0.0,0.9787234042553191,0.9981249392980571,0.9999586345553321,1.0,0.97546,1.0,0.0028370919639189147,0.013443880290856698
0.06,0.04999999999999999,0.014537786568403243,0.0,0.9,0.99904,0.9999179066187789,0.0,0.9166666666666666,0.9980850600061628,0.9998333264200986,1.0,0.9745,1.0,0.0029452308025137226,0.013744822334143716
0.07,0.04999999999999999,0.015092386411428451,0.0,0.9,0.99908,0.9999588697404681,0.0,0.9565217391304348,0.9981645418431035,0.9999171689024037,1.0,0.97252,1.0,0.003107260563149775,0.014162640173831354
0.07999999999999999,0.04999999999999999,0.015439595938920974,0.0,0.9,0.99878,0.9999382461918485,0.0,0.9508196721311475,0.997566849285716,0.9998753110242228,1.0,0.9716,1.0,0.003264947444714758,0.01451613366878291
0.09,0.04999999999999999,0.016097160897254943,0.0,0.9,0.99894,0.9999587577844682,0.0,0.9622641509433962,0.9978854530372245,0.9999175643444335,1.0,0.96988,1.0,0.0034807318744875405,0.01533792048242363
0.1,0.04999999999999999,0.017058723987340926,0.0,0.9,0.9987,0.9999586947542338,0.0,0.9692307692307692,0.997407245319666,0.9999173059643439,1.0,0.9684,1.0,0.00388267927321828,0.015416341984631302
-0.1,0.06,0.01791950173854828,0.0,0.9,0.99832,0.9998965167539375,0.0,0.9404761904761905,0.9966567834892708,0.9997911861712028,1.0,0.96634,1.0,0.004389466442820611,0.015343986055558104
-0.09000000000000001,0.06,0.016452154403924942,0.0,0.9,0.99876,1.0,0.0,1.0,0.9975272822500447,1.0,1.0,0.96914,1.0,0.0036687568657997873,0.014843641954974639
-0.08,0.06,0.016286234078407288,0.0,0.9,0.99884,0.9999793601651187,0.0,0.9827586206896551,0.9976859716783807,0.9999578503220076,1.0,0.969,1.0,0.0036536096628558136,0.015482763146130465
-0.07,0.06,0.015148604867458344,0.0,0.9,0.99912,0.9999794200572122,0.0,0.9772727272727273,0.9982437461483786,0.999958276774216,1.0,0.97182,1.0,0.003092628501869496,0.014642897687911629
-0.060000000000000005,0.06,0.015230739959478379,0.0,0.9,0.99898,0.9999588485833625,0.0,0.9607843137254902,0.9979649004912087,0.9999164683078167,1.0,0.97202,1.0,0.0032161343215306015,0.014685284200055989
-0.05,0.06,0.014702133704423904,0.0,0.9,0.99916,0.9999178138483665,0.0,0.9047619047619048,0.998324413755988,0.9998340143371471,1.0,0.9734,1.0,0.003115138360472792,0.01375119445595691
-0.04000000000000001,0.06,0.014125310205221175,0.0,0.9,0.99918,1.0,0.0,1.0,0.998364062490657,1.0,1.0,0.97462,1.0,0.002829063015480877,0.013780805013634786
-0.03,0.06,0.013785497063398362,0.0,0.9,0.999,1.0,0.0,1.0,0.9980060481976856,1.0,1.0,0.97548,1.0,0.0027510099195688273,0.013168039930188662
-0.020000000000000004,0.06,0.014095745722055434,0.0,0.9,0.99886,0.999897477957761,0.0,0.9122807017543859,0.9977263708714781,0.9997934863022967,1.0,0.9754,1.0,0.003002942897148738,0.013300055672932968
-0.010000000000000009,0.06,0.013669405349493027,0.0,0.9,0.99918,0.9999795006354802,0.0,0.975609756097561,0.9983645389907377,0.999958676980346,1.0,0.97564,1.0,0.002719019795275877,0.013349959653346092
0.0,0.06,0.01379078126192093,0.0,0.9,0.99918,0.9999795102960762,0.0,0.975609756097561,0.9983631500383864,0.9999593908210888,1.0,0.9761,1.0,0.0027683313696507277,0.01329228449267154
0.009999999999999995,0.06,0.013949252749681472,0.0,0.9,0.9992,0.9999385182908085,0.0,0.925,0.998404610515691,0.9998748936429361,1.0,0.9759,1.0,0.00281910111015403,0.013515820986901617
0.01999999999999999,0.06,0.013822084732055664,0.0,0.9,0.9991,0.9999795006354802,0.0,0.9777777777777777,0.9982043417670691,0.9999587628865979,1.0,0.97564,1.0,0.0027763626798388446,0.013309717073121825
0.03,0.06,0.014463302961587906,0.0,0.9,0.99894,0.9999794783393873,0.0,0.9811320754716981,0.9978865646385914,0.9999594731093611,1.0,0.97458,1.0,0.0030643603113473914,0.014031123462145616
0.04000000000000001,0.06,0.014685344421863556,0.0,0.9,0.99878,0.9999589634158853,0.0,0.9672131147540983,0.9975676465717964,0.99991698179465,1.0,0.97474,1.0,0.003197461861264161,0.013473530493639372
0.04999999999999999,0.06,0.014719426256418228,0.0,0.9,0.99908,0.9999383983572895,0.0,0.9347826086956522,0.9981643847014847,0.9998760020009972,1.0,0.974,1.0,0.0030716751587228264,0.01394354155571335
0.06,0.06,0.015176655806303025,0.0,0.9,0.99896,0.9999177547034029,0.0,0.9230769230769231,0.9979251359025545,0.9998362947949575,1.0,0.9727,1.0,0.00320349287853765,0.014034158137234139
0.07,0.06,0.01578575831413269,0.0,0.9,0.9988,0.9999587790350172,0.0,0.9666666666666667,0.9976060941350271,0.9999170844673313,1.0,0.97038,1.0,0.003438151273953217,0.01521033848308296
0.07999999999999999,0.06,0.016066087390184402,0.0,0.9,0.99886,0.9999587611860283,0.0,0.9649122807017544,0.997726607397061,0.9999152495180376,1.0,0.96996,1.0,0.003434267380937464,0.014996743203142562
0.09,0.06,0.01673291090965271,0.0,0.9,0.9988,0.9998968476646312,0.0,0.9166666666666666,0.9976076391515065,0.9997921681600853,1.0,0.96944,1.0,0.003695417064190581,0.015511396262953003
0.1,0.06,0.01732000460743904,0.0,0.9,0.99896,0.9999586084149092,0.0,0.9615384615384616,0.9979255707471473,0.99991677484688,1.0,0.96638,1.0,0.003817830222601479,0.0160486264667124
-0.1,0.07,0.017916283375024794,0.0,0.9,0.99846,0.9999171774059964,0.0,0.948051948051948,0.9969321752168024,0.999833261622025,1.0,0.96592,1.0,0.004165204588546946,0.015731686806456566
-0.09000000000000001,0.07,0.01747654960513115,0.0,0.9,0.99864,0.9999172921448215,0.0,0.9411764705882353,0.9972899786401878,0.9998355398803046,1.0,0.96726,1.0,0.004025591336168232,0.01583462286759464
-0.08,0.07,0.01622424565076828,0.0,0.9,0.9988,0.9999381124290871,0.0,0.95,0.9976071235123275,0.9998754024082548,1.0,0.9695,1.0,0.003536463852279769,0.014991854887329178
-0.07,0.07,0.01586359216928482,0.0,0.9,0.999,0.9999587858305685,0.0,0.96,0.9980058886789291,0.9999169596076624,1.0,0.97054,1.0,0.003382992513329868,0.015035976804214623
-0.060000000000000005,0.07,0.014825902395248412,0.0,0.9,0.999,0.9999794471277361,0.0,0.98,0.9980069199637921,0.9999590136397231,1.0,0.9731,1.0,0.0030201139006123846,0.014421398844502421
-0.05,0.07,0.015358660596609116,0.0,0.9,0.9988,0.9999177530122959,0.0,0.9333333333333333,0.9976061313778408,0.999835806172638,1.0,0.97268,1.0,0.0034182816140904382,0.014016758219881277
-0.04000000000000001,0.07,0.015182581068277358,0.0,0.9,0.999,0.9998972820839411,0.0,0.9,0.9980056078356521,0.9997927257267581,1.0,0.97354,1.0,0.003308888972372427,0.01390052041283631
-0.03,0.07,0.014485066603422164,0.0,0.9,0.99906,0.9999794682270814,0.0,0.9787234042553191,0.9981246208929435,0.99995789305723,1.0,0.9741,1.0,0.0030169556867116402,0.013525013768311292
-0.020000000000000004,0.07,0.01417450594305992,0.0,0.9,0.99898,0.99993843375472,0.0,0.9411764705882353,0.9979650183573376,0.9998746469388661,1.0,0.97456,1.0,0.002925271604769769,0.013639912543090849
-0.010000000000000009,0.07,0.014326828124523162,0.0,0.9,0.99904,0.9999794758122448,0.0,0.9791666666666666,0.9980853717985023,0.9999579831932773,1.0,0.97446,1.0,0.0029640128841273345,0.013865242223481799
0.0,0.07,0.014386110956668854,0.0,0.9,0.99898,0.9999385094695417,0.0,0.9411764705882353,0.9979659323915457,0.9998767008546711,1.0,0.97576,1.0,0.0030872736278012955,0.013671099916477933
0.009999999999999995,0.07,0.014019342666864396,0.0,0.9,0.99908,0.9999179941365808,0.0,0.9130434782608695,0.9981661583826393,0.9998345628184837,1.0,0.97554,1.0,0.0027838489465111054,0.013776148581232796
0.01999999999999999,0.07,0.0144728817486763,0.0,0.9,0.999,0.999979450928818,0.0,0.98,0.998005376997869,0.9999588475623955,1.0,0.97328,1.0,0.0029675875505140357,0.013916444559433885
0.03,0.07,0.014622951847314835,0.0,0.9,0.99888,0.9999178526687614,0.0,0.9285714285714286,0.9977670837343032,0.9998342251900146,1.0,0.97386,1.0,0.0031290717532148414,0.01387789461239597
0.04000000000000001,0.07,0.014693379935622215,0.0,0.9,0.99906,0.999958940669267,0.0,0.9574468085106383,0.9981260841993036,0.999916614781321,1.0,0.9742,1.0,0.0030780084482112573,0.014160017593709905
0.04999999999999999,0.07,0.015185088242292404,0.0,0.9,0.99894,0.999979425984981,0.0,0.9811320754716981,0.9978865632270363,0.9999588470396965,1.0,0.9721,1.0,0.003132923426296454,0.014445207907451019
0.06,0.07,0.01530638193845749,0.0,0.9,0.99896,0.9999794128546136,0.0,0.9807692307692307,0.9979250183535582,0.9999592252379567,1.0,0.97148,1.0,0.0031426955821379733,0.015120236430540465
0.07,0.07,0.01617281330347061,0.0,0.9,0.9988,0.9998968710682095,0.0,0.9166666666666666,0.9976059335001293,0.9997933056076939,1.0,0.96966,1.0,0.003510975908360166,0.014868845355230823
0.07999999999999999,0.07,0.01625401566505432,0.0,0.9,0.99892,0.9999793776164649,0.0,0.9814814814814815,0.997846209772659,0.9999588879029873,1.0,0.96982,1.0,0.003517470174366199,0.015060391053218866
0.09,0.07,0.01690931270480156,0.0,0.9,0.9989,0.999958690488485,0.0,0.9636363636363636,0.9978060916054627,0.9999164542588903,1.0,0.9683,1.0,0.003689572133623333,0.015673490165775017
0.1,0.07,0.018100841217041017,0.0,0.9,0.99854,0.999875717215237,0.0,0.9178082191780822,0.997090656614847,0.9997488052164027,1.0,0.96554,1.0,0.004269000013351734,0.015956189950972498
-0.1,0.07999999999999999,0.019145704116821288,0.0,0.9,0.99836,0.9999169883368614,0.0,0.9512195121951219,0.9967330231897702,0.9998318717000515,1.0,0.96372,0.99998,0.0047261526465438315,0.016388724419496466
-0.09000000000000001,0.07999999999999999,0.01773099746108055,0.0,0.9,0.99868,0.9999792599966816,0.0,0.9848484848484849,0.9973680028342797,0.9999586345553323,1.0,0.96432,1.0,0.003986726943212392,0.016066274345484535
-0.08,0.07999999999999999,0.017516642756462097,0.0,0.9,0.9985,0.9999172322463168,0.0,0.9466666666666667,0.9970091923986152,0.9998355452289629,1.0,0.96656,1.0,0.004157470291066179,0.015566713143279317
-0.07,0.07999999999999999,0.016827187716960908,0.0,0.9,0.99872,0.99993803957206,0.0,0.953125,0.9974489061272501,0.9998753257652351,1.0,0.96836,0.99998,0.003803492141484989,0.015099821816114583
-0.060000000000000005,0.07999999999999999,0.016219243705272675,0.0,0.9,0.9987,0.9999793776164649,0.0,0.9846153846153847,0.9974071654896683,0.9999587202862742,1.0,0.96982,1.0,0.0036817543055090614,0.015026332187286148
-0.05,0.07999999999999999,0.01579448769927025,0.0,0.9,0.99888,0.9999794001318392,0.0,0.9821428571428571,0.9977654595258487,0.9999589279087812,1.0,0.97088,1.0,0.003430173394809004,0.014523018479126142
-0.04000000000000001,0.07999999999999999,0.014995230213403701,0.0,0.9,0.99904,0.9999794416348012,0.0,0.9791666666666666,0.9980842239113293,0.9999570718585766,1.0,0.97284,1.0,0.0031206650377716702,0.013949616306833548
-0.03,0.07999999999999999,0.015214807826280595,0.0,0.9,0.9988,0.9999794306401185,0.0,0.9833333333333333,0.997606768025349,0.9999583331524877,1.0,0.97232,1.0,0.00333348416737936,0.014248143674440333
-0.020000000000000004,0.07999999999999999,0.01471317276597023,0.0,0.9,0.99888,0.9998973411354071,0.0,0.9107142857142857,0.9977663681856774,0.9997929603823889,1.0,0.9741,1.0,0.0031522312706053976,0.013766235545663164
-0.010000000000000009,0.07999999999999999,0.014955649636983872,0.0,0.9,0.99886,0.9999383895015711,0.0,0.9473684210526315,0.9977262123069586,0.9998751164443701,1.0,0.97386,1.0,0.0032422773632406563,0.014506889478226719
0.0,0.07999999999999999,0.01510424733042717,0.0,0.9,0.99908,0.9999383565865987,0.0,0.9347826086956522,0.998164382795797,0.999874939014661,1.0,0.97334,1.0,0.0033172442636109174,0.014648319503400063
0.009999999999999995,0.07999999999999999,0.015092533104419709,0.0,0.9,0.99902,0.9999382969971206,0.0,0.9387755102040817,0.9980460436719677,0.9998749931273266,1.0,0.9724,1.0,0.003102465370902996,0.014548249254133826
0.01999999999999999,0.07999999999999999,0.015113955452442169,0.0,0.9,0.99896,0.9999177918901699,0.0,0.9230769230769231,0.9979257741413586,0.9998351661063164,1.0,0.97314,1.0,0.0033062080878731347,0.01390741175742909
0.03,0.07999999999999999,0.01524467126250267,0.0,0.9,0.99878,0.9999177530122959,0.0,0.9344262295081968,0.9975676391402586,0.9998335405325388,1.0,0.97268,1.0,0.003297566837597559,0.014495435048647918
0.04000000000000001,0.07999999999999999,0.015310520980358124,0.0,0.9,0.99902,0.9999588790427041,0.0,0.9591836734693877,0.9980450173945787,0.9999169052396908,1.0,0.97274,1.0,0.00326705994305403,0.014464276485691652
0.04999999999999999,0.07999999999999999,0.015879803874492646,0.0,0.9,0.99874,0.9998970515565805,0.0,0.9206349206349206,0.9974877598521585,0.999792018670067,1.0,0.97136,1.0,0.0035631211681265403,0.014315112365427773
0.06,0.07999999999999999,0.016677476011514664,0.0,0.9,0.9987,0.9999175393749484,0.0,0.9384615384615385,0.9974102833889893,0.9998337354329707,1.0,0.97016,1.0,0.0038228430429668647,0.01501712714473091
0.07,0.07999999999999999,0.016786377619504928,0.0,0.9,0.99864,1.0,0.0,1.0,0.9972883941507092,1.0,1.0,0.9685,1.0,0.0037886974356533738,0.015275052310485203
0.07999999999999999,0.07999999999999999,0.017909414498806,0.0,0.9,0.99854,0.9997931619335223,0.0,0.863013698630137,0.997089619373845,0.9995864630917004,1.0,0.96694,1.0,0.004248362947945918,0.015543829291705167
0.09,0.07999999999999999,0.01752483947753906,0.0,0.9,0.99876,0.9999585938470457,0.0,0.967741935483871,0.9975293016944936,0.9999156473807997,1.0,0.96604,1.0,0.003852333040901234,0.016045449992051288
0.1,0.07999999999999999,0.018663078348636626,0.0,0.9,0.99864,0.9999377024669823,0.0,0.9558823529411765,0.9972870509361071,0.9998756541897791,1.0,0.96312,1.0,0.004291544025075405,0.016670699075155067
-0.1,0.09,0.02036493194580078,0.0,0.9,0.99806,0.9998959200666112,0.0,0.9484536082474226,0.9961345605032338,0.9997891515216036,1.0,0.9608,1.0,0.005276630283480313,0.01708836479002265
-0.09000000000000001,0.09,0.01840158591747284,0.0,0.9,0.99852,0.9999377877317407,0.0,0.9594594594594594,0.99704966620813,0.9998751742583852,1.0,0.96444,1.0,0.004309132991524794,0.016288648173396973
-0.08,0.09,0.01796883607506752,0.0,0.9,0.99826,0.9999792934940158,0.0,0.9885057471264368,0.9965322030684702,0.9999591829934693,1.0,0.96588,1.0,0.00434620335965415,0.015675913019439387
-0.07,0.09,0.017351997684240342,0.0,0.9,0.99876,0.9999793166211632,0.0,0.9838709677419355,0.9975273171429305,0.9999584183408833,1.0,0.96696,1.0,0.003973323703390452,0.015765733607714487
-0.060000000000000005,0.09,0.016880359849929808,0.0,0.9,0.99876,0.9999380357327274,0.0,0.9516129032258065,0.9975278442707015,0.9998755489027639,1.0,0.9683,1.0,0.003871077784488473,0.01538964876763864
-0.05,0.09,0.01633904678463936,0.0,0.9,0.99868,0.9999793669789131,0.0,0.9848484848484849,0.9973691483518516,0.9999592661265901,1.0,0.96932,1.0,0.003686635751547814,0.014803895373819147
-0.04000000000000001,0.09,0.01594291844367981,0.0,0.9,0.99872,0.9999793873933298,0.0,0.984375,0.9974473272067701,0.9999585706443423,1.0,0.97028,1.0,0.00357391873763866,0.01483535411094255
-0.03,0.09,0.0156636267888546,0.0,0.9,0.99872,0.9999794115830434,0.0,0.984375,0.9974466872495769,0.9999589260035507,1.0,0.97142,1.0,0.003432743321347742,0.014499726397343713
-0.020000000000000004,0.09,0.015536196788549424,0.0,0.9,0.999,0.9999588019610266,0.0,0.96,0.9980044653322838,0.999916202417911,1.0,0.97092,1.0,0.003300099811619,0.01466215804790929
-0.010000000000000009,0.09,0.01548212165594101,0.0,0.9,0.9988,0.9999382639832078,0.0,0.95,0.9976062519061912,0.9998752125831197,1.0,0.97188,1.0,0.0033716913867171275,0.014224130727999223
0.0,0.09,0.015487075822353364,0.0,0.9,0.99896,0.9999588578951699,0.0,0.9615384615384616,0.9979260521558192,0.9999164001844087,1.0,0.97224,1.0,0.0033109352716221775,0.014501363926233189
0.009999999999999995,0.09,0.015480819755792618,0.0,0.9,0.99868,0.9999794251383659,0.0,0.9848484848484849,0.9973675272856503,0.9999582015758486,1.0,0.97206,1.0,0.003446597315049765,0.013909647718975859
0.01999999999999999,0.09,0.016017611677646638,0.0,0.9,0.99886,0.9998559374356863,0.0,0.8771929824561403,0.9977255005574225,0.999710556098126,1.0,0.9718,1.0,0.0036099668074572855,0.014624966569812294
0.03,0.09,0.015356317158937455,0.0,0.9,0.99904,0.9999794238683127,0.0,0.9791666666666666,0.9980852908581067,0.999958880258298,1.0,0.972,1.0,0.003224721725499312,0.014881730121144906
0.04000000000000001,0.09,0.015853577444553374,0.0,0.9,0.99874,0.9999588112939432,0.0,0.9682539682539683,0.9974880733693321,0.9999163918448387,1.0,0.97114,1.0,0.0034369903053971746,0.014724298911501916
0.04999999999999999,0.09,0.016619622061252594,0.0,0.9,0.99866,0.9999380600404675,0.0,0.9552238805970149,0.9973281920334992,0.9998753455547614,1.0,0.96868,1.0,0.003674971309384912,0.015077376655005057
0.06,0.09,0.016616302000284196,0.0,0.9,0.99862,0.9999587288485349,0.0,0.9710144927536232,0.9972488362584524,0.9999172106979117,1.0,0.9692,1.0,0.003745628262719019,0.014959966810017433
0.07,0.09,0.01719799089550972,0.0,0.9,0.99874,0.9999793217535153,0.0,0.9841269841269841,0.9974866517458555,0.9999581129327965,1.0,0.9672,1.0,0.0038883988060545017,0.015925561979285806
0.07999999999999999,0.09,0.01840952652812004,0.0,0.9,0.99846,0.9998757094916518,0.0,0.922077922077922,0.9969307777935588,0.9997493667224465,1.0,0.96548,1.0,0.004406657280801258,0.015953240425930926
0.09,0.09,0.018900808260440827,0.0,0.9,0.99848,0.9998753816437161,0.0,0.9210526315789473,0.9969705474197192,0.9997481143199333,1.0,0.96294,1.0,0.004465488106081833,0.016824180594614283
0.1,0.09,0.019903237297534942,0.0,0.9,0.99836,0.999958375824679,0.0,0.975609756097561,0.9967316579135114,0.9999169569658415,1.0,0.96098,1.0,0.004877063858625838,0.01744144673760284
-0.1,0.1,0.021135443418025972,0.0,0.9,0.9981,0.9998956877307908,0.0,0.9473684210526315,0.9962125738665821,0.9997882432207004,1.0,0.95866,1.0,0.005412314126323117,0.017852339129230163
-0.09000000000000001,0.1,0.0192418648147583,0.0,0.9,0.99846,0.9999792207792207,0.0,0.987012987012987,0.9969292772669854,0.9999588053116116,1.0,0.9625,1.0,0.004630431266774959,0.01706913923354447
-0.08,0.1,0.019163987466096877,0.0,0.9,0.99822,0.9998962461870474,0.0,0.9438202247191011,0.9964532441439641,0.9997892948503988,1.0,0.96382,1.0,0.004864303273254251,0.016106889926503408
-0.07,0.1,0.018552458317279814,0.0,0.9,0.99846,0.9999377425446697,0.0,0.961038961038961,0.9969294667607821,0.9998750976223932,1.0,0.96374,1.0,0.0044730807932843045,0.016398714779304657
-0.060000000000000005,0.1,0.017935779411792755,0.0,0.9,0.9984,0.9999172356714257,0.0,0.95,0.9968101087874126,0.9998332718902777,1.0,0.9666,1.0,0.0043460610083696566,0.015742681448702972
-0.05,0.1,0.01728975659251213,0.0,0.9,0.9986,0.9999793247462112,0.0,0.9857142857142858,0.997207089917147,0.9999588032142828,1.0,0.96734,1.0,0.0040244644487896575,0.015572375125479307
-0.04000000000000001,0.1,0.016479131507873536,0.0,0.9,0.99866,0.9999793742136419,0.0,0.9850746268656716,0.9973273250037867,0.9999579389650597,1.0,0.96966,1.0,0.003752734789837902,0.015155949132931891
-0.03,0.1,0.016127284443378447,0.0,0.9,0.9988,0.999938091995295,0.0,0.95,0.9976080765097027,0.9998764443887862,1.0,0.96918,1.0,0.0035849195268483833,0.014710380035613996
-0.020000000000000004,0.1,0.01634465661048889,0.0,0.9,0.99878,0.9998969390910027,0.0,0.9180327868852459,0.9975666888088986,0.999792137238913,1.0,0.9703,1.0,0.003676610804786186,0.015155414872633567
-0.010000000000000009,0.1,0.015648145606517793,0.0,0.9,0.99884,0.9999381545312114,0.0,0.9482758620689655,0.9976876745468448,0.999875405005954,1.0,0.97016,1.0,0.0033172228739102895,0.014852822236172387
0.0,0.1,0.01628882382750511,0.0,0.9,0.99882,0.9999587552329299,0.0,0.9661016949152542,0.9976462538090636,0.9999163087064608,1.0,0.96982,1.0,0.0036032453966884145,0.015297525456840981
0.009999999999999995,0.1,0.015632656041383742,0.0,0.9,0.999,0.9999382080329557,0.0,0.94,0.9980060835687498,0.9998745098667864,1.0,0.971,0.99998,0.0032136074047313086,0.015013742923843738
0.01999999999999999,0.1,0.016265242960453032,0.0,0.9,0.99884,0.9999793831436583,0.0,0.9827586206896551,0.9976854988174191,0.9999588889452247,1.0,0.97008,1.0,0.0035780186219634517,0.01502843227056017
0.03,0.1,0.01629024932026863,0.0,0.9,0.99878,0.9999793631467074,0.0,0.9836065573770492,0.9975670081673381,0.9999588865132552,1.0,0.96914,1.0,0.003521165162061534,0.015292863079413006
0.04000000000000001,0.1,0.017018144373893738,0.0,0.9,0.99872,0.9998554853627317,0.0,0.890625,0.997446971726274,0.9997105297537324,1.0,0.96876,1.0,0.0039059148361325017,0.015273418487879272
0.04999999999999999,0.1,0.01748472548007965,0.0,0.9,0.99878,0.9999379472965706,0.0,0.9508196721311475,0.997567004706115,0.9998733170608373,1.0,0.96692,1.0,0.0039820159071852785,0.01579214685505014
0.06,0.1,0.017898579770326613,0.0,0.9,0.99862,0.9998964717574954,0.0,0.927536231884058,0.9972488684543864,0.9997901959301646,1.0,0.96592,1.0,0.004109085976253967,0.016080116492470275
0.07,0.1,0.018860533838272096,0.0,0.9,0.99848,0.9998753894080997,0.0,0.9210526315789473,0.9969702665585767,0.9997470388777484,1.0,0.963,1.0,0.0045142547706339764,0.01666075772431191
0.07999999999999999,0.1,0.019035310778617857,0.0,0.9,0.99854,0.9999791987352831,0.0,0.9863013698630136,0.9970910339533665,0.9999580272360515,1.0,0.96148,1.0,0.004504277961303178,0.01680211222683052
0.09,0.1,0.019935413196086882,0.0,0.9,0.99808,0.9999375429392293,0.0,0.96875,0.9961750540314115,0.9998724621400319,1.0,0.96066,1.0,0.00495732863825315,0.017244787602074735
0.1,0.1,0.020184266612529755,0.0,0.9,0.99856,0.9999791405924072,0.0,0.9861111111111112,0.9971280770384382,0.9999571271022885,1.0,0.9588,1.0,0.004744350667035068,0.017910504069926808
